Date;Year;Quarter;Month;MonthSort;Month in Year;MonthInYearSort;Day of Week;DayOfWeekSort
01/07/2012;2012;2012-Q3;Jul 2012;2012-07;Jul;7;Sun;7
02/07/2012;2012;2012-Q3;Jul 2012;2012-07;Jul;7;Mon;1
03/07/2012;2012;2012-Q3;Jul 2012;2012-07;Jul;7;Tue;2
04/07/2012;2012;2012-Q3;Jul 2012;2012-07;Jul;7;Wed;3
05/07/2012;2012;2012-Q3;Jul 2012;2012-07;Jul;7;Thu;4
06/07/2012;2012;2012-Q3;Jul 2012;2012-07;Jul;7;Fri;5
07/07/2012;2012;2012-Q3;Jul 2012;2012-07;Jul;7;Sat;6
08/07/2012;2012;2012-Q3;Jul 2012;2012-07;Jul;7;Sun;7
09/07/2012;2012;2012-Q3;Jul 2012;2012-07;Jul;7;Mon;1
10/07/2012;2012;2012-Q3;Jul 2012;2012-07;Jul;7;Tue;2
11/07/2012;2012;2012-Q3;Jul 2012;2012-07;Jul;7;Wed;3
12/07/2012;2012;2012-Q3;Jul 2012;2012-07;Jul;7;Thu;4
13/07/2012;2012;2012-Q3;Jul 2012;2012-07;Jul;7;Fri;5
14/07/2012;2012;2012-Q3;Jul 2012;2012-07;Jul;7;Sat;6
15/07/2012;2012;2012-Q3;Jul 2012;2012-07;Jul;7;Sun;7
16/07/2012;2012;2012-Q3;Jul 2012;2012-07;Jul;7;Mon;1
17/07/2012;2012;2012-Q3;Jul 2012;2012-07;Jul;7;Tue;2
18/07/2012;2012;2012-Q3;Jul 2012;2012-07;Jul;7;Wed;3
19/07/2012;2012;2012-Q3;Jul 2012;2012-07;Jul;7;Thu;4
20/07/2012;2012;2012-Q3;Jul 2012;2012-07;Jul;7;Fri;5
21/07/2012;2012;2012-Q3;Jul 2012;2012-07;Jul;7;Sat;6
22/07/2012;2012;2012-Q3;Jul 2012;2012-07;Jul;7;Sun;7
23/07/2012;2012;2012-Q3;Jul 2012;2012-07;Jul;7;Mon;1
24/07/2012;2012;2012-Q3;Jul 2012;2012-07;Jul;7;Tue;2
25/07/2012;2012;2012-Q3;Jul 2012;2012-07;Jul;7;Wed;3
26/07/2012;2012;2012-Q3;Jul 2012;2012-07;Jul;7;Thu;4
27/07/2012;2012;2012-Q3;Jul 2012;2012-07;Jul;7;Fri;5
28/07/2012;2012;2012-Q3;Jul 2012;2012-07;Jul;7;Sat;6
29/07/2012;2012;2012-Q3;Jul 2012;2012-07;Jul;7;Sun;7
30/07/2012;2012;2012-Q3;Jul 2012;2012-07;Jul;7;Mon;1
31/07/2012;2012;2012-Q3;Jul 2012;2012-07;Jul;7;Tue;2
01/08/2012;2012;2012-Q3;Aug 2012;2012-08;Aug;8;Wed;3
02/08/2012;2012;2012-Q3;Aug 2012;2012-08;Aug;8;Thu;4
03/08/2012;2012;2012-Q3;Aug 2012;2012-08;Aug;8;Fri;5
04/08/2012;2012;2012-Q3;Aug 2012;2012-08;Aug;8;Sat;6
05/08/2012;2012;2012-Q3;Aug 2012;2012-08;Aug;8;Sun;7
06/08/2012;2012;2012-Q3;Aug 2012;2012-08;Aug;8;Mon;1
07/08/2012;2012;2012-Q3;Aug 2012;2012-08;Aug;8;Tue;2
08/08/2012;2012;2012-Q3;Aug 2012;2012-08;Aug;8;Wed;3
09/08/2012;2012;2012-Q3;Aug 2012;2012-08;Aug;8;Thu;4
10/08/2012;2012;2012-Q3;Aug 2012;2012-08;Aug;8;Fri;5
11/08/2012;2012;2012-Q3;Aug 2012;2012-08;Aug;8;Sat;6
12/08/2012;2012;2012-Q3;Aug 2012;2012-08;Aug;8;Sun;7
13/08/2012;2012;2012-Q3;Aug 2012;2012-08;Aug;8;Mon;1
14/08/2012;2012;2012-Q3;Aug 2012;2012-08;Aug;8;Tue;2
15/08/2012;2012;2012-Q3;Aug 2012;2012-08;Aug;8;Wed;3
16/08/2012;2012;2012-Q3;Aug 2012;2012-08;Aug;8;Thu;4
17/08/2012;2012;2012-Q3;Aug 2012;2012-08;Aug;8;Fri;5
18/08/2012;2012;2012-Q3;Aug 2012;2012-08;Aug;8;Sat;6
19/08/2012;2012;2012-Q3;Aug 2012;2012-08;Aug;8;Sun;7
20/08/2012;2012;2012-Q3;Aug 2012;2012-08;Aug;8;Mon;1
21/08/2012;2012;2012-Q3;Aug 2012;2012-08;Aug;8;Tue;2
22/08/2012;2012;2012-Q3;Aug 2012;2012-08;Aug;8;Wed;3
23/08/2012;2012;2012-Q3;Aug 2012;2012-08;Aug;8;Thu;4
24/08/2012;2012;2012-Q3;Aug 2012;2012-08;Aug;8;Fri;5
25/08/2012;2012;2012-Q3;Aug 2012;2012-08;Aug;8;Sat;6
26/08/2012;2012;2012-Q3;Aug 2012;2012-08;Aug;8;Sun;7
27/08/2012;2012;2012-Q3;Aug 2012;2012-08;Aug;8;Mon;1
28/08/2012;2012;2012-Q3;Aug 2012;2012-08;Aug;8;Tue;2
29/08/2012;2012;2012-Q3;Aug 2012;2012-08;Aug;8;Wed;3
30/08/2012;2012;2012-Q3;Aug 2012;2012-08;Aug;8;Thu;4
31/08/2012;2012;2012-Q3;Aug 2012;2012-08;Aug;8;Fri;5
01/09/2012;2012;2012-Q3;Sep 2012;2012-09;Sep;9;Sat;6
02/09/2012;2012;2012-Q3;Sep 2012;2012-09;Sep;9;Sun;7
03/09/2012;2012;2012-Q3;Sep 2012;2012-09;Sep;9;Mon;1
04/09/2012;2012;2012-Q3;Sep 2012;2012-09;Sep;9;Tue;2
05/09/2012;2012;2012-Q3;Sep 2012;2012-09;Sep;9;Wed;3
06/09/2012;2012;2012-Q3;Sep 2012;2012-09;Sep;9;Thu;4
07/09/2012;2012;2012-Q3;Sep 2012;2012-09;Sep;9;Fri;5
08/09/2012;2012;2012-Q3;Sep 2012;2012-09;Sep;9;Sat;6
09/09/2012;2012;2012-Q3;Sep 2012;2012-09;Sep;9;Sun;7
10/09/2012;2012;2012-Q3;Sep 2012;2012-09;Sep;9;Mon;1
11/09/2012;2012;2012-Q3;Sep 2012;2012-09;Sep;9;Tue;2
12/09/2012;2012;2012-Q3;Sep 2012;2012-09;Sep;9;Wed;3
13/09/2012;2012;2012-Q3;Sep 2012;2012-09;Sep;9;Thu;4
14/09/2012;2012;2012-Q3;Sep 2012;2012-09;Sep;9;Fri;5
15/09/2012;2012;2012-Q3;Sep 2012;2012-09;Sep;9;Sat;6
16/09/2012;2012;2012-Q3;Sep 2012;2012-09;Sep;9;Sun;7
17/09/2012;2012;2012-Q3;Sep 2012;2012-09;Sep;9;Mon;1
18/09/2012;2012;2012-Q3;Sep 2012;2012-09;Sep;9;Tue;2
19/09/2012;2012;2012-Q3;Sep 2012;2012-09;Sep;9;Wed;3
20/09/2012;2012;2012-Q3;Sep 2012;2012-09;Sep;9;Thu;4
21/09/2012;2012;2012-Q3;Sep 2012;2012-09;Sep;9;Fri;5
22/09/2012;2012;2012-Q3;Sep 2012;2012-09;Sep;9;Sat;6
23/09/2012;2012;2012-Q3;Sep 2012;2012-09;Sep;9;Sun;7
24/09/2012;2012;2012-Q3;Sep 2012;2012-09;Sep;9;Mon;1
25/09/2012;2012;2012-Q3;Sep 2012;2012-09;Sep;9;Tue;2
26/09/2012;2012;2012-Q3;Sep 2012;2012-09;Sep;9;Wed;3
27/09/2012;2012;2012-Q3;Sep 2012;2012-09;Sep;9;Thu;4
28/09/2012;2012;2012-Q3;Sep 2012;2012-09;Sep;9;Fri;5
29/09/2012;2012;2012-Q3;Sep 2012;2012-09;Sep;9;Sat;6
30/09/2012;2012;2012-Q3;Sep 2012;2012-09;Sep;9;Sun;7
01/01/2012;2012;2012-Q1;Jan 2012;2012-01;Jan;1;Sun;7
02/01/2012;2012;2012-Q1;Jan 2012;2012-01;Jan;1;Mon;1
03/01/2012;2012;2012-Q1;Jan 2012;2012-01;Jan;1;Tue;2
04/01/2012;2012;2012-Q1;Jan 2012;2012-01;Jan;1;Wed;3
05/01/2012;2012;2012-Q1;Jan 2012;2012-01;Jan;1;Thu;4
06/01/2012;2012;2012-Q1;Jan 2012;2012-01;Jan;1;Fri;5
07/01/2012;2012;2012-Q1;Jan 2012;2012-01;Jan;1;Sat;6
08/01/2012;2012;2012-Q1;Jan 2012;2012-01;Jan;1;Sun;7
09/01/2012;2012;2012-Q1;Jan 2012;2012-01;Jan;1;Mon;1
10/01/2012;2012;2012-Q1;Jan 2012;2012-01;Jan;1;Tue;2
11/01/2012;2012;2012-Q1;Jan 2012;2012-01;Jan;1;Wed;3
12/01/2012;2012;2012-Q1;Jan 2012;2012-01;Jan;1;Thu;4
13/01/2012;2012;2012-Q1;Jan 2012;2012-01;Jan;1;Fri;5
14/01/2012;2012;2012-Q1;Jan 2012;2012-01;Jan;1;Sat;6
15/01/2012;2012;2012-Q1;Jan 2012;2012-01;Jan;1;Sun;7
16/01/2012;2012;2012-Q1;Jan 2012;2012-01;Jan;1;Mon;1
17/01/2012;2012;2012-Q1;Jan 2012;2012-01;Jan;1;Tue;2
18/01/2012;2012;2012-Q1;Jan 2012;2012-01;Jan;1;Wed;3
19/01/2012;2012;2012-Q1;Jan 2012;2012-01;Jan;1;Thu;4
20/01/2012;2012;2012-Q1;Jan 2012;2012-01;Jan;1;Fri;5
21/01/2012;2012;2012-Q1;Jan 2012;2012-01;Jan;1;Sat;6
22/01/2012;2012;2012-Q1;Jan 2012;2012-01;Jan;1;Sun;7
23/01/2012;2012;2012-Q1;Jan 2012;2012-01;Jan;1;Mon;1
24/01/2012;2012;2012-Q1;Jan 2012;2012-01;Jan;1;Tue;2
25/01/2012;2012;2012-Q1;Jan 2012;2012-01;Jan;1;Wed;3
26/01/2012;2012;2012-Q1;Jan 2012;2012-01;Jan;1;Thu;4
27/01/2012;2012;2012-Q1;Jan 2012;2012-01;Jan;1;Fri;5
28/01/2012;2012;2012-Q1;Jan 2012;2012-01;Jan;1;Sat;6
29/01/2012;2012;2012-Q1;Jan 2012;2012-01;Jan;1;Sun;7
30/01/2012;2012;2012-Q1;Jan 2012;2012-01;Jan;1;Mon;1
31/01/2012;2012;2012-Q1;Jan 2012;2012-01;Jan;1;Tue;2
01/02/2012;2012;2012-Q1;Feb 2012;2012-02;Feb;2;Wed;3
02/02/2012;2012;2012-Q1;Feb 2012;2012-02;Feb;2;Thu;4
03/02/2012;2012;2012-Q1;Feb 2012;2012-02;Feb;2;Fri;5
04/02/2012;2012;2012-Q1;Feb 2012;2012-02;Feb;2;Sat;6
05/02/2012;2012;2012-Q1;Feb 2012;2012-02;Feb;2;Sun;7
06/02/2012;2012;2012-Q1;Feb 2012;2012-02;Feb;2;Mon;1
07/02/2012;2012;2012-Q1;Feb 2012;2012-02;Feb;2;Tue;2
08/02/2012;2012;2012-Q1;Feb 2012;2012-02;Feb;2;Wed;3
09/02/2012;2012;2012-Q1;Feb 2012;2012-02;Feb;2;Thu;4
10/02/2012;2012;2012-Q1;Feb 2012;2012-02;Feb;2;Fri;5
11/02/2012;2012;2012-Q1;Feb 2012;2012-02;Feb;2;Sat;6
12/02/2012;2012;2012-Q1;Feb 2012;2012-02;Feb;2;Sun;7
13/02/2012;2012;2012-Q1;Feb 2012;2012-02;Feb;2;Mon;1
14/02/2012;2012;2012-Q1;Feb 2012;2012-02;Feb;2;Tue;2
15/02/2012;2012;2012-Q1;Feb 2012;2012-02;Feb;2;Wed;3
16/02/2012;2012;2012-Q1;Feb 2012;2012-02;Feb;2;Thu;4
17/02/2012;2012;2012-Q1;Feb 2012;2012-02;Feb;2;Fri;5
18/02/2012;2012;2012-Q1;Feb 2012;2012-02;Feb;2;Sat;6
19/02/2012;2012;2012-Q1;Feb 2012;2012-02;Feb;2;Sun;7
20/02/2012;2012;2012-Q1;Feb 2012;2012-02;Feb;2;Mon;1
21/02/2012;2012;2012-Q1;Feb 2012;2012-02;Feb;2;Tue;2
22/02/2012;2012;2012-Q1;Feb 2012;2012-02;Feb;2;Wed;3
23/02/2012;2012;2012-Q1;Feb 2012;2012-02;Feb;2;Thu;4
24/02/2012;2012;2012-Q1;Feb 2012;2012-02;Feb;2;Fri;5
25/02/2012;2012;2012-Q1;Feb 2012;2012-02;Feb;2;Sat;6
26/02/2012;2012;2012-Q1;Feb 2012;2012-02;Feb;2;Sun;7
27/02/2012;2012;2012-Q1;Feb 2012;2012-02;Feb;2;Mon;1
28/02/2012;2012;2012-Q1;Feb 2012;2012-02;Feb;2;Tue;2
29/02/2012;2012;2012-Q1;Feb 2012;2012-02;Feb;2;Wed;3
01/03/2012;2012;2012-Q1;Mar 2012;2012-03;Mar;3;Thu;4
02/03/2012;2012;2012-Q1;Mar 2012;2012-03;Mar;3;Fri;5
03/03/2012;2012;2012-Q1;Mar 2012;2012-03;Mar;3;Sat;6
04/03/2012;2012;2012-Q1;Mar 2012;2012-03;Mar;3;Sun;7
05/03/2012;2012;2012-Q1;Mar 2012;2012-03;Mar;3;Mon;1
06/03/2012;2012;2012-Q1;Mar 2012;2012-03;Mar;3;Tue;2
07/03/2012;2012;2012-Q1;Mar 2012;2012-03;Mar;3;Wed;3
08/03/2012;2012;2012-Q1;Mar 2012;2012-03;Mar;3;Thu;4
09/03/2012;2012;2012-Q1;Mar 2012;2012-03;Mar;3;Fri;5
10/03/2012;2012;2012-Q1;Mar 2012;2012-03;Mar;3;Sat;6
11/03/2012;2012;2012-Q1;Mar 2012;2012-03;Mar;3;Sun;7
12/03/2012;2012;2012-Q1;Mar 2012;2012-03;Mar;3;Mon;1
13/03/2012;2012;2012-Q1;Mar 2012;2012-03;Mar;3;Tue;2
14/03/2012;2012;2012-Q1;Mar 2012;2012-03;Mar;3;Wed;3
15/03/2012;2012;2012-Q1;Mar 2012;2012-03;Mar;3;Thu;4
16/03/2012;2012;2012-Q1;Mar 2012;2012-03;Mar;3;Fri;5
17/03/2012;2012;2012-Q1;Mar 2012;2012-03;Mar;3;Sat;6
18/03/2012;2012;2012-Q1;Mar 2012;2012-03;Mar;3;Sun;7
19/03/2012;2012;2012-Q1;Mar 2012;2012-03;Mar;3;Mon;1
20/03/2012;2012;2012-Q1;Mar 2012;2012-03;Mar;3;Tue;2
21/03/2012;2012;2012-Q1;Mar 2012;2012-03;Mar;3;Wed;3
22/03/2012;2012;2012-Q1;Mar 2012;2012-03;Mar;3;Thu;4
23/03/2012;2012;2012-Q1;Mar 2012;2012-03;Mar;3;Fri;5
24/03/2012;2012;2012-Q1;Mar 2012;2012-03;Mar;3;Sat;6
25/03/2012;2012;2012-Q1;Mar 2012;2012-03;Mar;3;Sun;7
26/03/2012;2012;2012-Q1;Mar 2012;2012-03;Mar;3;Mon;1
27/03/2012;2012;2012-Q1;Mar 2012;2012-03;Mar;3;Tue;2
28/03/2012;2012;2012-Q1;Mar 2012;2012-03;Mar;3;Wed;3
29/03/2012;2012;2012-Q1;Mar 2012;2012-03;Mar;3;Thu;4
30/03/2012;2012;2012-Q1;Mar 2012;2012-03;Mar;3;Fri;5
31/03/2012;2012;2012-Q1;Mar 2012;2012-03;Mar;3;Sat;6
01/04/2012;2012;2012-Q2;Apr 2012;2012-04;Apr;4;Sun;7
02/04/2012;2012;2012-Q2;Apr 2012;2012-04;Apr;4;Mon;1
03/04/2012;2012;2012-Q2;Apr 2012;2012-04;Apr;4;Tue;2
04/04/2012;2012;2012-Q2;Apr 2012;2012-04;Apr;4;Wed;3
05/04/2012;2012;2012-Q2;Apr 2012;2012-04;Apr;4;Thu;4
06/04/2012;2012;2012-Q2;Apr 2012;2012-04;Apr;4;Fri;5
07/04/2012;2012;2012-Q2;Apr 2012;2012-04;Apr;4;Sat;6
08/04/2012;2012;2012-Q2;Apr 2012;2012-04;Apr;4;Sun;7
09/04/2012;2012;2012-Q2;Apr 2012;2012-04;Apr;4;Mon;1
10/04/2012;2012;2012-Q2;Apr 2012;2012-04;Apr;4;Tue;2
11/04/2012;2012;2012-Q2;Apr 2012;2012-04;Apr;4;Wed;3
12/04/2012;2012;2012-Q2;Apr 2012;2012-04;Apr;4;Thu;4
13/04/2012;2012;2012-Q2;Apr 2012;2012-04;Apr;4;Fri;5
14/04/2012;2012;2012-Q2;Apr 2012;2012-04;Apr;4;Sat;6
15/04/2012;2012;2012-Q2;Apr 2012;2012-04;Apr;4;Sun;7
16/04/2012;2012;2012-Q2;Apr 2012;2012-04;Apr;4;Mon;1
17/04/2012;2012;2012-Q2;Apr 2012;2012-04;Apr;4;Tue;2
18/04/2012;2012;2012-Q2;Apr 2012;2012-04;Apr;4;Wed;3
19/04/2012;2012;2012-Q2;Apr 2012;2012-04;Apr;4;Thu;4
20/04/2012;2012;2012-Q2;Apr 2012;2012-04;Apr;4;Fri;5
21/04/2012;2012;2012-Q2;Apr 2012;2012-04;Apr;4;Sat;6
22/04/2012;2012;2012-Q2;Apr 2012;2012-04;Apr;4;Sun;7
23/04/2012;2012;2012-Q2;Apr 2012;2012-04;Apr;4;Mon;1
24/04/2012;2012;2012-Q2;Apr 2012;2012-04;Apr;4;Tue;2
25/04/2012;2012;2012-Q2;Apr 2012;2012-04;Apr;4;Wed;3
26/04/2012;2012;2012-Q2;Apr 2012;2012-04;Apr;4;Thu;4
27/04/2012;2012;2012-Q2;Apr 2012;2012-04;Apr;4;Fri;5
28/04/2012;2012;2012-Q2;Apr 2012;2012-04;Apr;4;Sat;6
29/04/2012;2012;2012-Q2;Apr 2012;2012-04;Apr;4;Sun;7
30/04/2012;2012;2012-Q2;Apr 2012;2012-04;Apr;4;Mon;1
01/05/2012;2012;2012-Q2;May 2012;2012-05;May;5;Tue;2
02/05/2012;2012;2012-Q2;May 2012;2012-05;May;5;Wed;3
03/05/2012;2012;2012-Q2;May 2012;2012-05;May;5;Thu;4
04/05/2012;2012;2012-Q2;May 2012;2012-05;May;5;Fri;5
05/05/2012;2012;2012-Q2;May 2012;2012-05;May;5;Sat;6
06/05/2012;2012;2012-Q2;May 2012;2012-05;May;5;Sun;7
07/05/2012;2012;2012-Q2;May 2012;2012-05;May;5;Mon;1
08/05/2012;2012;2012-Q2;May 2012;2012-05;May;5;Tue;2
09/05/2012;2012;2012-Q2;May 2012;2012-05;May;5;Wed;3
10/05/2012;2012;2012-Q2;May 2012;2012-05;May;5;Thu;4
11/05/2012;2012;2012-Q2;May 2012;2012-05;May;5;Fri;5
12/05/2012;2012;2012-Q2;May 2012;2012-05;May;5;Sat;6
13/05/2012;2012;2012-Q2;May 2012;2012-05;May;5;Sun;7
14/05/2012;2012;2012-Q2;May 2012;2012-05;May;5;Mon;1
15/05/2012;2012;2012-Q2;May 2012;2012-05;May;5;Tue;2
16/05/2012;2012;2012-Q2;May 2012;2012-05;May;5;Wed;3
17/05/2012;2012;2012-Q2;May 2012;2012-05;May;5;Thu;4
18/05/2012;2012;2012-Q2;May 2012;2012-05;May;5;Fri;5
19/05/2012;2012;2012-Q2;May 2012;2012-05;May;5;Sat;6
20/05/2012;2012;2012-Q2;May 2012;2012-05;May;5;Sun;7
21/05/2012;2012;2012-Q2;May 2012;2012-05;May;5;Mon;1
22/05/2012;2012;2012-Q2;May 2012;2012-05;May;5;Tue;2
23/05/2012;2012;2012-Q2;May 2012;2012-05;May;5;Wed;3
24/05/2012;2012;2012-Q2;May 2012;2012-05;May;5;Thu;4
25/05/2012;2012;2012-Q2;May 2012;2012-05;May;5;Fri;5
26/05/2012;2012;2012-Q2;May 2012;2012-05;May;5;Sat;6
27/05/2012;2012;2012-Q2;May 2012;2012-05;May;5;Sun;7
28/05/2012;2012;2012-Q2;May 2012;2012-05;May;5;Mon;1
29/05/2012;2012;2012-Q2;May 2012;2012-05;May;5;Tue;2
30/05/2012;2012;2012-Q2;May 2012;2012-05;May;5;Wed;3
31/05/2012;2012;2012-Q2;May 2012;2012-05;May;5;Thu;4
01/06/2012;2012;2012-Q2;Jun 2012;2012-06;Jun;6;Fri;5
02/06/2012;2012;2012-Q2;Jun 2012;2012-06;Jun;6;Sat;6
03/06/2012;2012;2012-Q2;Jun 2012;2012-06;Jun;6;Sun;7
04/06/2012;2012;2012-Q2;Jun 2012;2012-06;Jun;6;Mon;1
05/06/2012;2012;2012-Q2;Jun 2012;2012-06;Jun;6;Tue;2
06/06/2012;2012;2012-Q2;Jun 2012;2012-06;Jun;6;Wed;3
07/06/2012;2012;2012-Q2;Jun 2012;2012-06;Jun;6;Thu;4
08/06/2012;2012;2012-Q2;Jun 2012;2012-06;Jun;6;Fri;5
09/06/2012;2012;2012-Q2;Jun 2012;2012-06;Jun;6;Sat;6
10/06/2012;2012;2012-Q2;Jun 2012;2012-06;Jun;6;Sun;7
11/06/2012;2012;2012-Q2;Jun 2012;2012-06;Jun;6;Mon;1
12/06/2012;2012;2012-Q2;Jun 2012;2012-06;Jun;6;Tue;2
13/06/2012;2012;2012-Q2;Jun 2012;2012-06;Jun;6;Wed;3
14/06/2012;2012;2012-Q2;Jun 2012;2012-06;Jun;6;Thu;4
15/06/2012;2012;2012-Q2;Jun 2012;2012-06;Jun;6;Fri;5
16/06/2012;2012;2012-Q2;Jun 2012;2012-06;Jun;6;Sat;6
17/06/2012;2012;2012-Q2;Jun 2012;2012-06;Jun;6;Sun;7
18/06/2012;2012;2012-Q2;Jun 2012;2012-06;Jun;6;Mon;1
19/06/2012;2012;2012-Q2;Jun 2012;2012-06;Jun;6;Tue;2
20/06/2012;2012;2012-Q2;Jun 2012;2012-06;Jun;6;Wed;3
21/06/2012;2012;2012-Q2;Jun 2012;2012-06;Jun;6;Thu;4
22/06/2012;2012;2012-Q2;Jun 2012;2012-06;Jun;6;Fri;5
23/06/2012;2012;2012-Q2;Jun 2012;2012-06;Jun;6;Sat;6
24/06/2012;2012;2012-Q2;Jun 2012;2012-06;Jun;6;Sun;7
25/06/2012;2012;2012-Q2;Jun 2012;2012-06;Jun;6;Mon;1
26/06/2012;2012;2012-Q2;Jun 2012;2012-06;Jun;6;Tue;2
27/06/2012;2012;2012-Q2;Jun 2012;2012-06;Jun;6;Wed;3
28/06/2012;2012;2012-Q2;Jun 2012;2012-06;Jun;6;Thu;4
29/06/2012;2012;2012-Q2;Jun 2012;2012-06;Jun;6;Fri;5
30/06/2012;2012;2012-Q2;Jun 2012;2012-06;Jun;6;Sat;6
01/10/2012;2012;2012-Q4;Oct 2012;2012-10;Oct;10;Mon;1
02/10/2012;2012;2012-Q4;Oct 2012;2012-10;Oct;10;Tue;2
03/10/2012;2012;2012-Q4;Oct 2012;2012-10;Oct;10;Wed;3
04/10/2012;2012;2012-Q4;Oct 2012;2012-10;Oct;10;Thu;4
05/10/2012;2012;2012-Q4;Oct 2012;2012-10;Oct;10;Fri;5
06/10/2012;2012;2012-Q4;Oct 2012;2012-10;Oct;10;Sat;6
07/10/2012;2012;2012-Q4;Oct 2012;2012-10;Oct;10;Sun;7
08/10/2012;2012;2012-Q4;Oct 2012;2012-10;Oct;10;Mon;1
09/10/2012;2012;2012-Q4;Oct 2012;2012-10;Oct;10;Tue;2
10/10/2012;2012;2012-Q4;Oct 2012;2012-10;Oct;10;Wed;3
11/10/2012;2012;2012-Q4;Oct 2012;2012-10;Oct;10;Thu;4
12/10/2012;2012;2012-Q4;Oct 2012;2012-10;Oct;10;Fri;5
13/10/2012;2012;2012-Q4;Oct 2012;2012-10;Oct;10;Sat;6
14/10/2012;2012;2012-Q4;Oct 2012;2012-10;Oct;10;Sun;7
15/10/2012;2012;2012-Q4;Oct 2012;2012-10;Oct;10;Mon;1
16/10/2012;2012;2012-Q4;Oct 2012;2012-10;Oct;10;Tue;2
17/10/2012;2012;2012-Q4;Oct 2012;2012-10;Oct;10;Wed;3
18/10/2012;2012;2012-Q4;Oct 2012;2012-10;Oct;10;Thu;4
19/10/2012;2012;2012-Q4;Oct 2012;2012-10;Oct;10;Fri;5
20/10/2012;2012;2012-Q4;Oct 2012;2012-10;Oct;10;Sat;6
21/10/2012;2012;2012-Q4;Oct 2012;2012-10;Oct;10;Sun;7
22/10/2012;2012;2012-Q4;Oct 2012;2012-10;Oct;10;Mon;1
23/10/2012;2012;2012-Q4;Oct 2012;2012-10;Oct;10;Tue;2
24/10/2012;2012;2012-Q4;Oct 2012;2012-10;Oct;10;Wed;3
25/10/2012;2012;2012-Q4;Oct 2012;2012-10;Oct;10;Thu;4
26/10/2012;2012;2012-Q4;Oct 2012;2012-10;Oct;10;Fri;5
27/10/2012;2012;2012-Q4;Oct 2012;2012-10;Oct;10;Sat;6
28/10/2012;2012;2012-Q4;Oct 2012;2012-10;Oct;10;Sun;7
29/10/2012;2012;2012-Q4;Oct 2012;2012-10;Oct;10;Mon;1
30/10/2012;2012;2012-Q4;Oct 2012;2012-10;Oct;10;Tue;2
31/10/2012;2012;2012-Q4;Oct 2012;2012-10;Oct;10;Wed;3
01/11/2012;2012;2012-Q4;Nov 2012;2012-11;Nov;11;Thu;4
02/11/2012;2012;2012-Q4;Nov 2012;2012-11;Nov;11;Fri;5
03/11/2012;2012;2012-Q4;Nov 2012;2012-11;Nov;11;Sat;6
04/11/2012;2012;2012-Q4;Nov 2012;2012-11;Nov;11;Sun;7
05/11/2012;2012;2012-Q4;Nov 2012;2012-11;Nov;11;Mon;1
06/11/2012;2012;2012-Q4;Nov 2012;2012-11;Nov;11;Tue;2
07/11/2012;2012;2012-Q4;Nov 2012;2012-11;Nov;11;Wed;3
08/11/2012;2012;2012-Q4;Nov 2012;2012-11;Nov;11;Thu;4
09/11/2012;2012;2012-Q4;Nov 2012;2012-11;Nov;11;Fri;5
10/11/2012;2012;2012-Q4;Nov 2012;2012-11;Nov;11;Sat;6
11/11/2012;2012;2012-Q4;Nov 2012;2012-11;Nov;11;Sun;7
12/11/2012;2012;2012-Q4;Nov 2012;2012-11;Nov;11;Mon;1
13/11/2012;2012;2012-Q4;Nov 2012;2012-11;Nov;11;Tue;2
14/11/2012;2012;2012-Q4;Nov 2012;2012-11;Nov;11;Wed;3
15/11/2012;2012;2012-Q4;Nov 2012;2012-11;Nov;11;Thu;4
16/11/2012;2012;2012-Q4;Nov 2012;2012-11;Nov;11;Fri;5
17/11/2012;2012;2012-Q4;Nov 2012;2012-11;Nov;11;Sat;6
18/11/2012;2012;2012-Q4;Nov 2012;2012-11;Nov;11;Sun;7
19/11/2012;2012;2012-Q4;Nov 2012;2012-11;Nov;11;Mon;1
20/11/2012;2012;2012-Q4;Nov 2012;2012-11;Nov;11;Tue;2
21/11/2012;2012;2012-Q4;Nov 2012;2012-11;Nov;11;Wed;3
22/11/2012;2012;2012-Q4;Nov 2012;2012-11;Nov;11;Thu;4
23/11/2012;2012;2012-Q4;Nov 2012;2012-11;Nov;11;Fri;5
24/11/2012;2012;2012-Q4;Nov 2012;2012-11;Nov;11;Sat;6
25/11/2012;2012;2012-Q4;Nov 2012;2012-11;Nov;11;Sun;7
26/11/2012;2012;2012-Q4;Nov 2012;2012-11;Nov;11;Mon;1
27/11/2012;2012;2012-Q4;Nov 2012;2012-11;Nov;11;Tue;2
28/11/2012;2012;2012-Q4;Nov 2012;2012-11;Nov;11;Wed;3
29/11/2012;2012;2012-Q4;Nov 2012;2012-11;Nov;11;Thu;4
30/11/2012;2012;2012-Q4;Nov 2012;2012-11;Nov;11;Fri;5
01/12/2012;2012;2012-Q4;Dec 2012;2012-12;Dec;12;Sat;6
02/12/2012;2012;2012-Q4;Dec 2012;2012-12;Dec;12;Sun;7
03/12/2012;2012;2012-Q4;Dec 2012;2012-12;Dec;12;Mon;1
04/12/2012;2012;2012-Q4;Dec 2012;2012-12;Dec;12;Tue;2
05/12/2012;2012;2012-Q4;Dec 2012;2012-12;Dec;12;Wed;3
06/12/2012;2012;2012-Q4;Dec 2012;2012-12;Dec;12;Thu;4
07/12/2012;2012;2012-Q4;Dec 2012;2012-12;Dec;12;Fri;5
08/12/2012;2012;2012-Q4;Dec 2012;2012-12;Dec;12;Sat;6
09/12/2012;2012;2012-Q4;Dec 2012;2012-12;Dec;12;Sun;7
10/12/2012;2012;2012-Q4;Dec 2012;2012-12;Dec;12;Mon;1
11/12/2012;2012;2012-Q4;Dec 2012;2012-12;Dec;12;Tue;2
12/12/2012;2012;2012-Q4;Dec 2012;2012-12;Dec;12;Wed;3
13/12/2012;2012;2012-Q4;Dec 2012;2012-12;Dec;12;Thu;4
14/12/2012;2012;2012-Q4;Dec 2012;2012-12;Dec;12;Fri;5
15/12/2012;2012;2012-Q4;Dec 2012;2012-12;Dec;12;Sat;6
16/12/2012;2012;2012-Q4;Dec 2012;2012-12;Dec;12;Sun;7
17/12/2012;2012;2012-Q4;Dec 2012;2012-12;Dec;12;Mon;1
18/12/2012;2012;2012-Q4;Dec 2012;2012-12;Dec;12;Tue;2
19/12/2012;2012;2012-Q4;Dec 2012;2012-12;Dec;12;Wed;3
20/12/2012;2012;2012-Q4;Dec 2012;2012-12;Dec;12;Thu;4
21/12/2012;2012;2012-Q4;Dec 2012;2012-12;Dec;12;Fri;5
22/12/2012;2012;2012-Q4;Dec 2012;2012-12;Dec;12;Sat;6
23/12/2012;2012;2012-Q4;Dec 2012;2012-12;Dec;12;Sun;7
24/12/2012;2012;2012-Q4;Dec 2012;2012-12;Dec;12;Mon;1
25/12/2012;2012;2012-Q4;Dec 2012;2012-12;Dec;12;Tue;2
26/12/2012;2012;2012-Q4;Dec 2012;2012-12;Dec;12;Wed;3
27/12/2012;2012;2012-Q4;Dec 2012;2012-12;Dec;12;Thu;4
28/12/2012;2012;2012-Q4;Dec 2012;2012-12;Dec;12;Fri;5
29/12/2012;2012;2012-Q4;Dec 2012;2012-12;Dec;12;Sat;6
30/12/2012;2012;2012-Q4;Dec 2012;2012-12;Dec;12;Sun;7
31/12/2012;2012;2012-Q4;Dec 2012;2012-12;Dec;12;Mon;1
01/01/2013;2013;2013-Q1;Jan 2013;2013-01;Jan;1;Tue;2
02/01/2013;2013;2013-Q1;Jan 2013;2013-01;Jan;1;Wed;3
03/01/2013;2013;2013-Q1;Jan 2013;2013-01;Jan;1;Thu;4
04/01/2013;2013;2013-Q1;Jan 2013;2013-01;Jan;1;Fri;5
05/01/2013;2013;2013-Q1;Jan 2013;2013-01;Jan;1;Sat;6
06/01/2013;2013;2013-Q1;Jan 2013;2013-01;Jan;1;Sun;7
07/01/2013;2013;2013-Q1;Jan 2013;2013-01;Jan;1;Mon;1
08/01/2013;2013;2013-Q1;Jan 2013;2013-01;Jan;1;Tue;2
09/01/2013;2013;2013-Q1;Jan 2013;2013-01;Jan;1;Wed;3
10/01/2013;2013;2013-Q1;Jan 2013;2013-01;Jan;1;Thu;4
11/01/2013;2013;2013-Q1;Jan 2013;2013-01;Jan;1;Fri;5
12/01/2013;2013;2013-Q1;Jan 2013;2013-01;Jan;1;Sat;6
13/01/2013;2013;2013-Q1;Jan 2013;2013-01;Jan;1;Sun;7
14/01/2013;2013;2013-Q1;Jan 2013;2013-01;Jan;1;Mon;1
15/01/2013;2013;2013-Q1;Jan 2013;2013-01;Jan;1;Tue;2
16/01/2013;2013;2013-Q1;Jan 2013;2013-01;Jan;1;Wed;3
17/01/2013;2013;2013-Q1;Jan 2013;2013-01;Jan;1;Thu;4
18/01/2013;2013;2013-Q1;Jan 2013;2013-01;Jan;1;Fri;5
19/01/2013;2013;2013-Q1;Jan 2013;2013-01;Jan;1;Sat;6
20/01/2013;2013;2013-Q1;Jan 2013;2013-01;Jan;1;Sun;7
21/01/2013;2013;2013-Q1;Jan 2013;2013-01;Jan;1;Mon;1
22/01/2013;2013;2013-Q1;Jan 2013;2013-01;Jan;1;Tue;2
23/01/2013;2013;2013-Q1;Jan 2013;2013-01;Jan;1;Wed;3
24/01/2013;2013;2013-Q1;Jan 2013;2013-01;Jan;1;Thu;4
25/01/2013;2013;2013-Q1;Jan 2013;2013-01;Jan;1;Fri;5
26/01/2013;2013;2013-Q1;Jan 2013;2013-01;Jan;1;Sat;6
27/01/2013;2013;2013-Q1;Jan 2013;2013-01;Jan;1;Sun;7
28/01/2013;2013;2013-Q1;Jan 2013;2013-01;Jan;1;Mon;1
29/01/2013;2013;2013-Q1;Jan 2013;2013-01;Jan;1;Tue;2
30/01/2013;2013;2013-Q1;Jan 2013;2013-01;Jan;1;Wed;3
31/01/2013;2013;2013-Q1;Jan 2013;2013-01;Jan;1;Thu;4
01/02/2013;2013;2013-Q1;Feb 2013;2013-02;Feb;2;Fri;5
02/02/2013;2013;2013-Q1;Feb 2013;2013-02;Feb;2;Sat;6
03/02/2013;2013;2013-Q1;Feb 2013;2013-02;Feb;2;Sun;7
04/02/2013;2013;2013-Q1;Feb 2013;2013-02;Feb;2;Mon;1
05/02/2013;2013;2013-Q1;Feb 2013;2013-02;Feb;2;Tue;2
06/02/2013;2013;2013-Q1;Feb 2013;2013-02;Feb;2;Wed;3
07/02/2013;2013;2013-Q1;Feb 2013;2013-02;Feb;2;Thu;4
08/02/2013;2013;2013-Q1;Feb 2013;2013-02;Feb;2;Fri;5
09/02/2013;2013;2013-Q1;Feb 2013;2013-02;Feb;2;Sat;6
10/02/2013;2013;2013-Q1;Feb 2013;2013-02;Feb;2;Sun;7
11/02/2013;2013;2013-Q1;Feb 2013;2013-02;Feb;2;Mon;1
12/02/2013;2013;2013-Q1;Feb 2013;2013-02;Feb;2;Tue;2
13/02/2013;2013;2013-Q1;Feb 2013;2013-02;Feb;2;Wed;3
14/02/2013;2013;2013-Q1;Feb 2013;2013-02;Feb;2;Thu;4
15/02/2013;2013;2013-Q1;Feb 2013;2013-02;Feb;2;Fri;5
16/02/2013;2013;2013-Q1;Feb 2013;2013-02;Feb;2;Sat;6
17/02/2013;2013;2013-Q1;Feb 2013;2013-02;Feb;2;Sun;7
18/02/2013;2013;2013-Q1;Feb 2013;2013-02;Feb;2;Mon;1
19/02/2013;2013;2013-Q1;Feb 2013;2013-02;Feb;2;Tue;2
20/02/2013;2013;2013-Q1;Feb 2013;2013-02;Feb;2;Wed;3
21/02/2013;2013;2013-Q1;Feb 2013;2013-02;Feb;2;Thu;4
22/02/2013;2013;2013-Q1;Feb 2013;2013-02;Feb;2;Fri;5
23/02/2013;2013;2013-Q1;Feb 2013;2013-02;Feb;2;Sat;6
24/02/2013;2013;2013-Q1;Feb 2013;2013-02;Feb;2;Sun;7
25/02/2013;2013;2013-Q1;Feb 2013;2013-02;Feb;2;Mon;1
26/02/2013;2013;2013-Q1;Feb 2013;2013-02;Feb;2;Tue;2
27/02/2013;2013;2013-Q1;Feb 2013;2013-02;Feb;2;Wed;3
28/02/2013;2013;2013-Q1;Feb 2013;2013-02;Feb;2;Thu;4
01/03/2013;2013;2013-Q1;Mar 2013;2013-03;Mar;3;Fri;5
02/03/2013;2013;2013-Q1;Mar 2013;2013-03;Mar;3;Sat;6
03/03/2013;2013;2013-Q1;Mar 2013;2013-03;Mar;3;Sun;7
04/03/2013;2013;2013-Q1;Mar 2013;2013-03;Mar;3;Mon;1
05/03/2013;2013;2013-Q1;Mar 2013;2013-03;Mar;3;Tue;2
06/03/2013;2013;2013-Q1;Mar 2013;2013-03;Mar;3;Wed;3
07/03/2013;2013;2013-Q1;Mar 2013;2013-03;Mar;3;Thu;4
08/03/2013;2013;2013-Q1;Mar 2013;2013-03;Mar;3;Fri;5
09/03/2013;2013;2013-Q1;Mar 2013;2013-03;Mar;3;Sat;6
10/03/2013;2013;2013-Q1;Mar 2013;2013-03;Mar;3;Sun;7
11/03/2013;2013;2013-Q1;Mar 2013;2013-03;Mar;3;Mon;1
12/03/2013;2013;2013-Q1;Mar 2013;2013-03;Mar;3;Tue;2
13/03/2013;2013;2013-Q1;Mar 2013;2013-03;Mar;3;Wed;3
14/03/2013;2013;2013-Q1;Mar 2013;2013-03;Mar;3;Thu;4
15/03/2013;2013;2013-Q1;Mar 2013;2013-03;Mar;3;Fri;5
16/03/2013;2013;2013-Q1;Mar 2013;2013-03;Mar;3;Sat;6
17/03/2013;2013;2013-Q1;Mar 2013;2013-03;Mar;3;Sun;7
18/03/2013;2013;2013-Q1;Mar 2013;2013-03;Mar;3;Mon;1
19/03/2013;2013;2013-Q1;Mar 2013;2013-03;Mar;3;Tue;2
20/03/2013;2013;2013-Q1;Mar 2013;2013-03;Mar;3;Wed;3
21/03/2013;2013;2013-Q1;Mar 2013;2013-03;Mar;3;Thu;4
22/03/2013;2013;2013-Q1;Mar 2013;2013-03;Mar;3;Fri;5
23/03/2013;2013;2013-Q1;Mar 2013;2013-03;Mar;3;Sat;6
24/03/2013;2013;2013-Q1;Mar 2013;2013-03;Mar;3;Sun;7
25/03/2013;2013;2013-Q1;Mar 2013;2013-03;Mar;3;Mon;1
26/03/2013;2013;2013-Q1;Mar 2013;2013-03;Mar;3;Tue;2
27/03/2013;2013;2013-Q1;Mar 2013;2013-03;Mar;3;Wed;3
28/03/2013;2013;2013-Q1;Mar 2013;2013-03;Mar;3;Thu;4
29/03/2013;2013;2013-Q1;Mar 2013;2013-03;Mar;3;Fri;5
30/03/2013;2013;2013-Q1;Mar 2013;2013-03;Mar;3;Sat;6
31/03/2013;2013;2013-Q1;Mar 2013;2013-03;Mar;3;Sun;7
01/10/2013;2013;2013-Q4;Oct 2013;2013-10;Oct;10;Tue;2
02/10/2013;2013;2013-Q4;Oct 2013;2013-10;Oct;10;Wed;3
03/10/2013;2013;2013-Q4;Oct 2013;2013-10;Oct;10;Thu;4
04/10/2013;2013;2013-Q4;Oct 2013;2013-10;Oct;10;Fri;5
05/10/2013;2013;2013-Q4;Oct 2013;2013-10;Oct;10;Sat;6
06/10/2013;2013;2013-Q4;Oct 2013;2013-10;Oct;10;Sun;7
07/10/2013;2013;2013-Q4;Oct 2013;2013-10;Oct;10;Mon;1
08/10/2013;2013;2013-Q4;Oct 2013;2013-10;Oct;10;Tue;2
09/10/2013;2013;2013-Q4;Oct 2013;2013-10;Oct;10;Wed;3
10/10/2013;2013;2013-Q4;Oct 2013;2013-10;Oct;10;Thu;4
11/10/2013;2013;2013-Q4;Oct 2013;2013-10;Oct;10;Fri;5
12/10/2013;2013;2013-Q4;Oct 2013;2013-10;Oct;10;Sat;6
13/10/2013;2013;2013-Q4;Oct 2013;2013-10;Oct;10;Sun;7
14/10/2013;2013;2013-Q4;Oct 2013;2013-10;Oct;10;Mon;1
15/10/2013;2013;2013-Q4;Oct 2013;2013-10;Oct;10;Tue;2
16/10/2013;2013;2013-Q4;Oct 2013;2013-10;Oct;10;Wed;3
17/10/2013;2013;2013-Q4;Oct 2013;2013-10;Oct;10;Thu;4
18/10/2013;2013;2013-Q4;Oct 2013;2013-10;Oct;10;Fri;5
19/10/2013;2013;2013-Q4;Oct 2013;2013-10;Oct;10;Sat;6
20/10/2013;2013;2013-Q4;Oct 2013;2013-10;Oct;10;Sun;7
21/10/2013;2013;2013-Q4;Oct 2013;2013-10;Oct;10;Mon;1
22/10/2013;2013;2013-Q4;Oct 2013;2013-10;Oct;10;Tue;2
23/10/2013;2013;2013-Q4;Oct 2013;2013-10;Oct;10;Wed;3
24/10/2013;2013;2013-Q4;Oct 2013;2013-10;Oct;10;Thu;4
25/10/2013;2013;2013-Q4;Oct 2013;2013-10;Oct;10;Fri;5
26/10/2013;2013;2013-Q4;Oct 2013;2013-10;Oct;10;Sat;6
27/10/2013;2013;2013-Q4;Oct 2013;2013-10;Oct;10;Sun;7
28/10/2013;2013;2013-Q4;Oct 2013;2013-10;Oct;10;Mon;1
29/10/2013;2013;2013-Q4;Oct 2013;2013-10;Oct;10;Tue;2
30/10/2013;2013;2013-Q4;Oct 2013;2013-10;Oct;10;Wed;3
31/10/2013;2013;2013-Q4;Oct 2013;2013-10;Oct;10;Thu;4
01/11/2013;2013;2013-Q4;Nov 2013;2013-11;Nov;11;Fri;5
02/11/2013;2013;2013-Q4;Nov 2013;2013-11;Nov;11;Sat;6
03/11/2013;2013;2013-Q4;Nov 2013;2013-11;Nov;11;Sun;7
04/11/2013;2013;2013-Q4;Nov 2013;2013-11;Nov;11;Mon;1
05/11/2013;2013;2013-Q4;Nov 2013;2013-11;Nov;11;Tue;2
06/11/2013;2013;2013-Q4;Nov 2013;2013-11;Nov;11;Wed;3
07/11/2013;2013;2013-Q4;Nov 2013;2013-11;Nov;11;Thu;4
08/11/2013;2013;2013-Q4;Nov 2013;2013-11;Nov;11;Fri;5
09/11/2013;2013;2013-Q4;Nov 2013;2013-11;Nov;11;Sat;6
10/11/2013;2013;2013-Q4;Nov 2013;2013-11;Nov;11;Sun;7
11/11/2013;2013;2013-Q4;Nov 2013;2013-11;Nov;11;Mon;1
12/11/2013;2013;2013-Q4;Nov 2013;2013-11;Nov;11;Tue;2
13/11/2013;2013;2013-Q4;Nov 2013;2013-11;Nov;11;Wed;3
14/11/2013;2013;2013-Q4;Nov 2013;2013-11;Nov;11;Thu;4
15/11/2013;2013;2013-Q4;Nov 2013;2013-11;Nov;11;Fri;5
16/11/2013;2013;2013-Q4;Nov 2013;2013-11;Nov;11;Sat;6
17/11/2013;2013;2013-Q4;Nov 2013;2013-11;Nov;11;Sun;7
18/11/2013;2013;2013-Q4;Nov 2013;2013-11;Nov;11;Mon;1
19/11/2013;2013;2013-Q4;Nov 2013;2013-11;Nov;11;Tue;2
20/11/2013;2013;2013-Q4;Nov 2013;2013-11;Nov;11;Wed;3
21/11/2013;2013;2013-Q4;Nov 2013;2013-11;Nov;11;Thu;4
22/11/2013;2013;2013-Q4;Nov 2013;2013-11;Nov;11;Fri;5
23/11/2013;2013;2013-Q4;Nov 2013;2013-11;Nov;11;Sat;6
24/11/2013;2013;2013-Q4;Nov 2013;2013-11;Nov;11;Sun;7
25/11/2013;2013;2013-Q4;Nov 2013;2013-11;Nov;11;Mon;1
26/11/2013;2013;2013-Q4;Nov 2013;2013-11;Nov;11;Tue;2
27/11/2013;2013;2013-Q4;Nov 2013;2013-11;Nov;11;Wed;3
28/11/2013;2013;2013-Q4;Nov 2013;2013-11;Nov;11;Thu;4
29/11/2013;2013;2013-Q4;Nov 2013;2013-11;Nov;11;Fri;5
30/11/2013;2013;2013-Q4;Nov 2013;2013-11;Nov;11;Sat;6
01/12/2013;2013;2013-Q4;Dec 2013;2013-12;Dec;12;Sun;7
02/12/2013;2013;2013-Q4;Dec 2013;2013-12;Dec;12;Mon;1
03/12/2013;2013;2013-Q4;Dec 2013;2013-12;Dec;12;Tue;2
04/12/2013;2013;2013-Q4;Dec 2013;2013-12;Dec;12;Wed;3
05/12/2013;2013;2013-Q4;Dec 2013;2013-12;Dec;12;Thu;4
06/12/2013;2013;2013-Q4;Dec 2013;2013-12;Dec;12;Fri;5
07/12/2013;2013;2013-Q4;Dec 2013;2013-12;Dec;12;Sat;6
08/12/2013;2013;2013-Q4;Dec 2013;2013-12;Dec;12;Sun;7
09/12/2013;2013;2013-Q4;Dec 2013;2013-12;Dec;12;Mon;1
10/12/2013;2013;2013-Q4;Dec 2013;2013-12;Dec;12;Tue;2
11/12/2013;2013;2013-Q4;Dec 2013;2013-12;Dec;12;Wed;3
12/12/2013;2013;2013-Q4;Dec 2013;2013-12;Dec;12;Thu;4
13/12/2013;2013;2013-Q4;Dec 2013;2013-12;Dec;12;Fri;5
14/12/2013;2013;2013-Q4;Dec 2013;2013-12;Dec;12;Sat;6
15/12/2013;2013;2013-Q4;Dec 2013;2013-12;Dec;12;Sun;7
16/12/2013;2013;2013-Q4;Dec 2013;2013-12;Dec;12;Mon;1
17/12/2013;2013;2013-Q4;Dec 2013;2013-12;Dec;12;Tue;2
18/12/2013;2013;2013-Q4;Dec 2013;2013-12;Dec;12;Wed;3
19/12/2013;2013;2013-Q4;Dec 2013;2013-12;Dec;12;Thu;4
20/12/2013;2013;2013-Q4;Dec 2013;2013-12;Dec;12;Fri;5
21/12/2013;2013;2013-Q4;Dec 2013;2013-12;Dec;12;Sat;6
22/12/2013;2013;2013-Q4;Dec 2013;2013-12;Dec;12;Sun;7
23/12/2013;2013;2013-Q4;Dec 2013;2013-12;Dec;12;Mon;1
24/12/2013;2013;2013-Q4;Dec 2013;2013-12;Dec;12;Tue;2
25/12/2013;2013;2013-Q4;Dec 2013;2013-12;Dec;12;Wed;3
26/12/2013;2013;2013-Q4;Dec 2013;2013-12;Dec;12;Thu;4
27/12/2013;2013;2013-Q4;Dec 2013;2013-12;Dec;12;Fri;5
28/12/2013;2013;2013-Q4;Dec 2013;2013-12;Dec;12;Sat;6
29/12/2013;2013;2013-Q4;Dec 2013;2013-12;Dec;12;Sun;7
30/12/2013;2013;2013-Q4;Dec 2013;2013-12;Dec;12;Mon;1
31/12/2013;2013;2013-Q4;Dec 2013;2013-12;Dec;12;Tue;2
01/04/2013;2013;2013-Q2;Apr 2013;2013-04;Apr;4;Mon;1
02/04/2013;2013;2013-Q2;Apr 2013;2013-04;Apr;4;Tue;2
03/04/2013;2013;2013-Q2;Apr 2013;2013-04;Apr;4;Wed;3
04/04/2013;2013;2013-Q2;Apr 2013;2013-04;Apr;4;Thu;4
05/04/2013;2013;2013-Q2;Apr 2013;2013-04;Apr;4;Fri;5
06/04/2013;2013;2013-Q2;Apr 2013;2013-04;Apr;4;Sat;6
07/04/2013;2013;2013-Q2;Apr 2013;2013-04;Apr;4;Sun;7
08/04/2013;2013;2013-Q2;Apr 2013;2013-04;Apr;4;Mon;1
09/04/2013;2013;2013-Q2;Apr 2013;2013-04;Apr;4;Tue;2
10/04/2013;2013;2013-Q2;Apr 2013;2013-04;Apr;4;Wed;3
11/04/2013;2013;2013-Q2;Apr 2013;2013-04;Apr;4;Thu;4
12/04/2013;2013;2013-Q2;Apr 2013;2013-04;Apr;4;Fri;5
13/04/2013;2013;2013-Q2;Apr 2013;2013-04;Apr;4;Sat;6
14/04/2013;2013;2013-Q2;Apr 2013;2013-04;Apr;4;Sun;7
15/04/2013;2013;2013-Q2;Apr 2013;2013-04;Apr;4;Mon;1
16/04/2013;2013;2013-Q2;Apr 2013;2013-04;Apr;4;Tue;2
17/04/2013;2013;2013-Q2;Apr 2013;2013-04;Apr;4;Wed;3
18/04/2013;2013;2013-Q2;Apr 2013;2013-04;Apr;4;Thu;4
19/04/2013;2013;2013-Q2;Apr 2013;2013-04;Apr;4;Fri;5
20/04/2013;2013;2013-Q2;Apr 2013;2013-04;Apr;4;Sat;6
21/04/2013;2013;2013-Q2;Apr 2013;2013-04;Apr;4;Sun;7
22/04/2013;2013;2013-Q2;Apr 2013;2013-04;Apr;4;Mon;1
23/04/2013;2013;2013-Q2;Apr 2013;2013-04;Apr;4;Tue;2
24/04/2013;2013;2013-Q2;Apr 2013;2013-04;Apr;4;Wed;3
25/04/2013;2013;2013-Q2;Apr 2013;2013-04;Apr;4;Thu;4
26/04/2013;2013;2013-Q2;Apr 2013;2013-04;Apr;4;Fri;5
27/04/2013;2013;2013-Q2;Apr 2013;2013-04;Apr;4;Sat;6
28/04/2013;2013;2013-Q2;Apr 2013;2013-04;Apr;4;Sun;7
29/04/2013;2013;2013-Q2;Apr 2013;2013-04;Apr;4;Mon;1
30/04/2013;2013;2013-Q2;Apr 2013;2013-04;Apr;4;Tue;2
01/05/2013;2013;2013-Q2;May 2013;2013-05;May;5;Wed;3
02/05/2013;2013;2013-Q2;May 2013;2013-05;May;5;Thu;4
03/05/2013;2013;2013-Q2;May 2013;2013-05;May;5;Fri;5
04/05/2013;2013;2013-Q2;May 2013;2013-05;May;5;Sat;6
05/05/2013;2013;2013-Q2;May 2013;2013-05;May;5;Sun;7
06/05/2013;2013;2013-Q2;May 2013;2013-05;May;5;Mon;1
07/05/2013;2013;2013-Q2;May 2013;2013-05;May;5;Tue;2
08/05/2013;2013;2013-Q2;May 2013;2013-05;May;5;Wed;3
09/05/2013;2013;2013-Q2;May 2013;2013-05;May;5;Thu;4
10/05/2013;2013;2013-Q2;May 2013;2013-05;May;5;Fri;5
11/05/2013;2013;2013-Q2;May 2013;2013-05;May;5;Sat;6
12/05/2013;2013;2013-Q2;May 2013;2013-05;May;5;Sun;7
13/05/2013;2013;2013-Q2;May 2013;2013-05;May;5;Mon;1
14/05/2013;2013;2013-Q2;May 2013;2013-05;May;5;Tue;2
15/05/2013;2013;2013-Q2;May 2013;2013-05;May;5;Wed;3
16/05/2013;2013;2013-Q2;May 2013;2013-05;May;5;Thu;4
17/05/2013;2013;2013-Q2;May 2013;2013-05;May;5;Fri;5
18/05/2013;2013;2013-Q2;May 2013;2013-05;May;5;Sat;6
19/05/2013;2013;2013-Q2;May 2013;2013-05;May;5;Sun;7
20/05/2013;2013;2013-Q2;May 2013;2013-05;May;5;Mon;1
21/05/2013;2013;2013-Q2;May 2013;2013-05;May;5;Tue;2
22/05/2013;2013;2013-Q2;May 2013;2013-05;May;5;Wed;3
23/05/2013;2013;2013-Q2;May 2013;2013-05;May;5;Thu;4
24/05/2013;2013;2013-Q2;May 2013;2013-05;May;5;Fri;5
25/05/2013;2013;2013-Q2;May 2013;2013-05;May;5;Sat;6
26/05/2013;2013;2013-Q2;May 2013;2013-05;May;5;Sun;7
27/05/2013;2013;2013-Q2;May 2013;2013-05;May;5;Mon;1
28/05/2013;2013;2013-Q2;May 2013;2013-05;May;5;Tue;2
29/05/2013;2013;2013-Q2;May 2013;2013-05;May;5;Wed;3
30/05/2013;2013;2013-Q2;May 2013;2013-05;May;5;Thu;4
31/05/2013;2013;2013-Q2;May 2013;2013-05;May;5;Fri;5
01/06/2013;2013;2013-Q2;Jun 2013;2013-06;Jun;6;Sat;6
02/06/2013;2013;2013-Q2;Jun 2013;2013-06;Jun;6;Sun;7
03/06/2013;2013;2013-Q2;Jun 2013;2013-06;Jun;6;Mon;1
04/06/2013;2013;2013-Q2;Jun 2013;2013-06;Jun;6;Tue;2
05/06/2013;2013;2013-Q2;Jun 2013;2013-06;Jun;6;Wed;3
06/06/2013;2013;2013-Q2;Jun 2013;2013-06;Jun;6;Thu;4
07/06/2013;2013;2013-Q2;Jun 2013;2013-06;Jun;6;Fri;5
08/06/2013;2013;2013-Q2;Jun 2013;2013-06;Jun;6;Sat;6
09/06/2013;2013;2013-Q2;Jun 2013;2013-06;Jun;6;Sun;7
10/06/2013;2013;2013-Q2;Jun 2013;2013-06;Jun;6;Mon;1
11/06/2013;2013;2013-Q2;Jun 2013;2013-06;Jun;6;Tue;2
12/06/2013;2013;2013-Q2;Jun 2013;2013-06;Jun;6;Wed;3
13/06/2013;2013;2013-Q2;Jun 2013;2013-06;Jun;6;Thu;4
14/06/2013;2013;2013-Q2;Jun 2013;2013-06;Jun;6;Fri;5
15/06/2013;2013;2013-Q2;Jun 2013;2013-06;Jun;6;Sat;6
16/06/2013;2013;2013-Q2;Jun 2013;2013-06;Jun;6;Sun;7
17/06/2013;2013;2013-Q2;Jun 2013;2013-06;Jun;6;Mon;1
18/06/2013;2013;2013-Q2;Jun 2013;2013-06;Jun;6;Tue;2
19/06/2013;2013;2013-Q2;Jun 2013;2013-06;Jun;6;Wed;3
20/06/2013;2013;2013-Q2;Jun 2013;2013-06;Jun;6;Thu;4
21/06/2013;2013;2013-Q2;Jun 2013;2013-06;Jun;6;Fri;5
22/06/2013;2013;2013-Q2;Jun 2013;2013-06;Jun;6;Sat;6
23/06/2013;2013;2013-Q2;Jun 2013;2013-06;Jun;6;Sun;7
24/06/2013;2013;2013-Q2;Jun 2013;2013-06;Jun;6;Mon;1
25/06/2013;2013;2013-Q2;Jun 2013;2013-06;Jun;6;Tue;2
26/06/2013;2013;2013-Q2;Jun 2013;2013-06;Jun;6;Wed;3
27/06/2013;2013;2013-Q2;Jun 2013;2013-06;Jun;6;Thu;4
28/06/2013;2013;2013-Q2;Jun 2013;2013-06;Jun;6;Fri;5
29/06/2013;2013;2013-Q2;Jun 2013;2013-06;Jun;6;Sat;6
30/06/2013;2013;2013-Q2;Jun 2013;2013-06;Jun;6;Sun;7
01/07/2013;2013;2013-Q3;Jul 2013;2013-07;Jul;7;Mon;1
02/07/2013;2013;2013-Q3;Jul 2013;2013-07;Jul;7;Tue;2
03/07/2013;2013;2013-Q3;Jul 2013;2013-07;Jul;7;Wed;3
04/07/2013;2013;2013-Q3;Jul 2013;2013-07;Jul;7;Thu;4
05/07/2013;2013;2013-Q3;Jul 2013;2013-07;Jul;7;Fri;5
06/07/2013;2013;2013-Q3;Jul 2013;2013-07;Jul;7;Sat;6
07/07/2013;2013;2013-Q3;Jul 2013;2013-07;Jul;7;Sun;7
08/07/2013;2013;2013-Q3;Jul 2013;2013-07;Jul;7;Mon;1
09/07/2013;2013;2013-Q3;Jul 2013;2013-07;Jul;7;Tue;2
10/07/2013;2013;2013-Q3;Jul 2013;2013-07;Jul;7;Wed;3
11/07/2013;2013;2013-Q3;Jul 2013;2013-07;Jul;7;Thu;4
12/07/2013;2013;2013-Q3;Jul 2013;2013-07;Jul;7;Fri;5
13/07/2013;2013;2013-Q3;Jul 2013;2013-07;Jul;7;Sat;6
14/07/2013;2013;2013-Q3;Jul 2013;2013-07;Jul;7;Sun;7
15/07/2013;2013;2013-Q3;Jul 2013;2013-07;Jul;7;Mon;1
16/07/2013;2013;2013-Q3;Jul 2013;2013-07;Jul;7;Tue;2
17/07/2013;2013;2013-Q3;Jul 2013;2013-07;Jul;7;Wed;3
18/07/2013;2013;2013-Q3;Jul 2013;2013-07;Jul;7;Thu;4
19/07/2013;2013;2013-Q3;Jul 2013;2013-07;Jul;7;Fri;5
20/07/2013;2013;2013-Q3;Jul 2013;2013-07;Jul;7;Sat;6
21/07/2013;2013;2013-Q3;Jul 2013;2013-07;Jul;7;Sun;7
22/07/2013;2013;2013-Q3;Jul 2013;2013-07;Jul;7;Mon;1
23/07/2013;2013;2013-Q3;Jul 2013;2013-07;Jul;7;Tue;2
24/07/2013;2013;2013-Q3;Jul 2013;2013-07;Jul;7;Wed;3
25/07/2013;2013;2013-Q3;Jul 2013;2013-07;Jul;7;Thu;4
26/07/2013;2013;2013-Q3;Jul 2013;2013-07;Jul;7;Fri;5
27/07/2013;2013;2013-Q3;Jul 2013;2013-07;Jul;7;Sat;6
28/07/2013;2013;2013-Q3;Jul 2013;2013-07;Jul;7;Sun;7
29/07/2013;2013;2013-Q3;Jul 2013;2013-07;Jul;7;Mon;1
30/07/2013;2013;2013-Q3;Jul 2013;2013-07;Jul;7;Tue;2
31/07/2013;2013;2013-Q3;Jul 2013;2013-07;Jul;7;Wed;3
01/08/2013;2013;2013-Q3;Aug 2013;2013-08;Aug;8;Thu;4
02/08/2013;2013;2013-Q3;Aug 2013;2013-08;Aug;8;Fri;5
03/08/2013;2013;2013-Q3;Aug 2013;2013-08;Aug;8;Sat;6
04/08/2013;2013;2013-Q3;Aug 2013;2013-08;Aug;8;Sun;7
05/08/2013;2013;2013-Q3;Aug 2013;2013-08;Aug;8;Mon;1
06/08/2013;2013;2013-Q3;Aug 2013;2013-08;Aug;8;Tue;2
07/08/2013;2013;2013-Q3;Aug 2013;2013-08;Aug;8;Wed;3
08/08/2013;2013;2013-Q3;Aug 2013;2013-08;Aug;8;Thu;4
09/08/2013;2013;2013-Q3;Aug 2013;2013-08;Aug;8;Fri;5
10/08/2013;2013;2013-Q3;Aug 2013;2013-08;Aug;8;Sat;6
11/08/2013;2013;2013-Q3;Aug 2013;2013-08;Aug;8;Sun;7
12/08/2013;2013;2013-Q3;Aug 2013;2013-08;Aug;8;Mon;1
13/08/2013;2013;2013-Q3;Aug 2013;2013-08;Aug;8;Tue;2
14/08/2013;2013;2013-Q3;Aug 2013;2013-08;Aug;8;Wed;3
15/08/2013;2013;2013-Q3;Aug 2013;2013-08;Aug;8;Thu;4
16/08/2013;2013;2013-Q3;Aug 2013;2013-08;Aug;8;Fri;5
17/08/2013;2013;2013-Q3;Aug 2013;2013-08;Aug;8;Sat;6
18/08/2013;2013;2013-Q3;Aug 2013;2013-08;Aug;8;Sun;7
19/08/2013;2013;2013-Q3;Aug 2013;2013-08;Aug;8;Mon;1
20/08/2013;2013;2013-Q3;Aug 2013;2013-08;Aug;8;Tue;2
21/08/2013;2013;2013-Q3;Aug 2013;2013-08;Aug;8;Wed;3
22/08/2013;2013;2013-Q3;Aug 2013;2013-08;Aug;8;Thu;4
23/08/2013;2013;2013-Q3;Aug 2013;2013-08;Aug;8;Fri;5
24/08/2013;2013;2013-Q3;Aug 2013;2013-08;Aug;8;Sat;6
25/08/2013;2013;2013-Q3;Aug 2013;2013-08;Aug;8;Sun;7
26/08/2013;2013;2013-Q3;Aug 2013;2013-08;Aug;8;Mon;1
27/08/2013;2013;2013-Q3;Aug 2013;2013-08;Aug;8;Tue;2
28/08/2013;2013;2013-Q3;Aug 2013;2013-08;Aug;8;Wed;3
29/08/2013;2013;2013-Q3;Aug 2013;2013-08;Aug;8;Thu;4
30/08/2013;2013;2013-Q3;Aug 2013;2013-08;Aug;8;Fri;5
31/08/2013;2013;2013-Q3;Aug 2013;2013-08;Aug;8;Sat;6
01/09/2013;2013;2013-Q3;Sep 2013;2013-09;Sep;9;Sun;7
02/09/2013;2013;2013-Q3;Sep 2013;2013-09;Sep;9;Mon;1
03/09/2013;2013;2013-Q3;Sep 2013;2013-09;Sep;9;Tue;2
04/09/2013;2013;2013-Q3;Sep 2013;2013-09;Sep;9;Wed;3
05/09/2013;2013;2013-Q3;Sep 2013;2013-09;Sep;9;Thu;4
06/09/2013;2013;2013-Q3;Sep 2013;2013-09;Sep;9;Fri;5
07/09/2013;2013;2013-Q3;Sep 2013;2013-09;Sep;9;Sat;6
08/09/2013;2013;2013-Q3;Sep 2013;2013-09;Sep;9;Sun;7
09/09/2013;2013;2013-Q3;Sep 2013;2013-09;Sep;9;Mon;1
10/09/2013;2013;2013-Q3;Sep 2013;2013-09;Sep;9;Tue;2
11/09/2013;2013;2013-Q3;Sep 2013;2013-09;Sep;9;Wed;3
12/09/2013;2013;2013-Q3;Sep 2013;2013-09;Sep;9;Thu;4
13/09/2013;2013;2013-Q3;Sep 2013;2013-09;Sep;9;Fri;5
14/09/2013;2013;2013-Q3;Sep 2013;2013-09;Sep;9;Sat;6
15/09/2013;2013;2013-Q3;Sep 2013;2013-09;Sep;9;Sun;7
16/09/2013;2013;2013-Q3;Sep 2013;2013-09;Sep;9;Mon;1
17/09/2013;2013;2013-Q3;Sep 2013;2013-09;Sep;9;Tue;2
18/09/2013;2013;2013-Q3;Sep 2013;2013-09;Sep;9;Wed;3
19/09/2013;2013;2013-Q3;Sep 2013;2013-09;Sep;9;Thu;4
20/09/2013;2013;2013-Q3;Sep 2013;2013-09;Sep;9;Fri;5
21/09/2013;2013;2013-Q3;Sep 2013;2013-09;Sep;9;Sat;6
22/09/2013;2013;2013-Q3;Sep 2013;2013-09;Sep;9;Sun;7
23/09/2013;2013;2013-Q3;Sep 2013;2013-09;Sep;9;Mon;1
24/09/2013;2013;2013-Q3;Sep 2013;2013-09;Sep;9;Tue;2
25/09/2013;2013;2013-Q3;Sep 2013;2013-09;Sep;9;Wed;3
26/09/2013;2013;2013-Q3;Sep 2013;2013-09;Sep;9;Thu;4
27/09/2013;2013;2013-Q3;Sep 2013;2013-09;Sep;9;Fri;5
28/09/2013;2013;2013-Q3;Sep 2013;2013-09;Sep;9;Sat;6
29/09/2013;2013;2013-Q3;Sep 2013;2013-09;Sep;9;Sun;7
30/09/2013;2013;2013-Q3;Sep 2013;2013-09;Sep;9;Mon;1
01/07/2014;2014;2014-Q3;Jul 2014;2014-07;Jul;7;Tue;2
02/07/2014;2014;2014-Q3;Jul 2014;2014-07;Jul;7;Wed;3
03/07/2014;2014;2014-Q3;Jul 2014;2014-07;Jul;7;Thu;4
04/07/2014;2014;2014-Q3;Jul 2014;2014-07;Jul;7;Fri;5
05/07/2014;2014;2014-Q3;Jul 2014;2014-07;Jul;7;Sat;6
06/07/2014;2014;2014-Q3;Jul 2014;2014-07;Jul;7;Sun;7
07/07/2014;2014;2014-Q3;Jul 2014;2014-07;Jul;7;Mon;1
08/07/2014;2014;2014-Q3;Jul 2014;2014-07;Jul;7;Tue;2
09/07/2014;2014;2014-Q3;Jul 2014;2014-07;Jul;7;Wed;3
10/07/2014;2014;2014-Q3;Jul 2014;2014-07;Jul;7;Thu;4
11/07/2014;2014;2014-Q3;Jul 2014;2014-07;Jul;7;Fri;5
12/07/2014;2014;2014-Q3;Jul 2014;2014-07;Jul;7;Sat;6
13/07/2014;2014;2014-Q3;Jul 2014;2014-07;Jul;7;Sun;7
14/07/2014;2014;2014-Q3;Jul 2014;2014-07;Jul;7;Mon;1
15/07/2014;2014;2014-Q3;Jul 2014;2014-07;Jul;7;Tue;2
16/07/2014;2014;2014-Q3;Jul 2014;2014-07;Jul;7;Wed;3
17/07/2014;2014;2014-Q3;Jul 2014;2014-07;Jul;7;Thu;4
18/07/2014;2014;2014-Q3;Jul 2014;2014-07;Jul;7;Fri;5
19/07/2014;2014;2014-Q3;Jul 2014;2014-07;Jul;7;Sat;6
20/07/2014;2014;2014-Q3;Jul 2014;2014-07;Jul;7;Sun;7
21/07/2014;2014;2014-Q3;Jul 2014;2014-07;Jul;7;Mon;1
22/07/2014;2014;2014-Q3;Jul 2014;2014-07;Jul;7;Tue;2
23/07/2014;2014;2014-Q3;Jul 2014;2014-07;Jul;7;Wed;3
24/07/2014;2014;2014-Q3;Jul 2014;2014-07;Jul;7;Thu;4
25/07/2014;2014;2014-Q3;Jul 2014;2014-07;Jul;7;Fri;5
26/07/2014;2014;2014-Q3;Jul 2014;2014-07;Jul;7;Sat;6
27/07/2014;2014;2014-Q3;Jul 2014;2014-07;Jul;7;Sun;7
28/07/2014;2014;2014-Q3;Jul 2014;2014-07;Jul;7;Mon;1
29/07/2014;2014;2014-Q3;Jul 2014;2014-07;Jul;7;Tue;2
30/07/2014;2014;2014-Q3;Jul 2014;2014-07;Jul;7;Wed;3
31/07/2014;2014;2014-Q3;Jul 2014;2014-07;Jul;7;Thu;4
01/08/2014;2014;2014-Q3;Aug 2014;2014-08;Aug;8;Fri;5
02/08/2014;2014;2014-Q3;Aug 2014;2014-08;Aug;8;Sat;6
03/08/2014;2014;2014-Q3;Aug 2014;2014-08;Aug;8;Sun;7
04/08/2014;2014;2014-Q3;Aug 2014;2014-08;Aug;8;Mon;1
05/08/2014;2014;2014-Q3;Aug 2014;2014-08;Aug;8;Tue;2
06/08/2014;2014;2014-Q3;Aug 2014;2014-08;Aug;8;Wed;3
07/08/2014;2014;2014-Q3;Aug 2014;2014-08;Aug;8;Thu;4
08/08/2014;2014;2014-Q3;Aug 2014;2014-08;Aug;8;Fri;5
09/08/2014;2014;2014-Q3;Aug 2014;2014-08;Aug;8;Sat;6
10/08/2014;2014;2014-Q3;Aug 2014;2014-08;Aug;8;Sun;7
11/08/2014;2014;2014-Q3;Aug 2014;2014-08;Aug;8;Mon;1
12/08/2014;2014;2014-Q3;Aug 2014;2014-08;Aug;8;Tue;2
13/08/2014;2014;2014-Q3;Aug 2014;2014-08;Aug;8;Wed;3
14/08/2014;2014;2014-Q3;Aug 2014;2014-08;Aug;8;Thu;4
15/08/2014;2014;2014-Q3;Aug 2014;2014-08;Aug;8;Fri;5
16/08/2014;2014;2014-Q3;Aug 2014;2014-08;Aug;8;Sat;6
17/08/2014;2014;2014-Q3;Aug 2014;2014-08;Aug;8;Sun;7
18/08/2014;2014;2014-Q3;Aug 2014;2014-08;Aug;8;Mon;1
19/08/2014;2014;2014-Q3;Aug 2014;2014-08;Aug;8;Tue;2
20/08/2014;2014;2014-Q3;Aug 2014;2014-08;Aug;8;Wed;3
21/08/2014;2014;2014-Q3;Aug 2014;2014-08;Aug;8;Thu;4
22/08/2014;2014;2014-Q3;Aug 2014;2014-08;Aug;8;Fri;5
23/08/2014;2014;2014-Q3;Aug 2014;2014-08;Aug;8;Sat;6
24/08/2014;2014;2014-Q3;Aug 2014;2014-08;Aug;8;Sun;7
25/08/2014;2014;2014-Q3;Aug 2014;2014-08;Aug;8;Mon;1
26/08/2014;2014;2014-Q3;Aug 2014;2014-08;Aug;8;Tue;2
27/08/2014;2014;2014-Q3;Aug 2014;2014-08;Aug;8;Wed;3
28/08/2014;2014;2014-Q3;Aug 2014;2014-08;Aug;8;Thu;4
29/08/2014;2014;2014-Q3;Aug 2014;2014-08;Aug;8;Fri;5
30/08/2014;2014;2014-Q3;Aug 2014;2014-08;Aug;8;Sat;6
31/08/2014;2014;2014-Q3;Aug 2014;2014-08;Aug;8;Sun;7
01/09/2014;2014;2014-Q3;Sep 2014;2014-09;Sep;9;Mon;1
02/09/2014;2014;2014-Q3;Sep 2014;2014-09;Sep;9;Tue;2
03/09/2014;2014;2014-Q3;Sep 2014;2014-09;Sep;9;Wed;3
04/09/2014;2014;2014-Q3;Sep 2014;2014-09;Sep;9;Thu;4
05/09/2014;2014;2014-Q3;Sep 2014;2014-09;Sep;9;Fri;5
06/09/2014;2014;2014-Q3;Sep 2014;2014-09;Sep;9;Sat;6
07/09/2014;2014;2014-Q3;Sep 2014;2014-09;Sep;9;Sun;7
08/09/2014;2014;2014-Q3;Sep 2014;2014-09;Sep;9;Mon;1
09/09/2014;2014;2014-Q3;Sep 2014;2014-09;Sep;9;Tue;2
10/09/2014;2014;2014-Q3;Sep 2014;2014-09;Sep;9;Wed;3
11/09/2014;2014;2014-Q3;Sep 2014;2014-09;Sep;9;Thu;4
12/09/2014;2014;2014-Q3;Sep 2014;2014-09;Sep;9;Fri;5
13/09/2014;2014;2014-Q3;Sep 2014;2014-09;Sep;9;Sat;6
14/09/2014;2014;2014-Q3;Sep 2014;2014-09;Sep;9;Sun;7
15/09/2014;2014;2014-Q3;Sep 2014;2014-09;Sep;9;Mon;1
16/09/2014;2014;2014-Q3;Sep 2014;2014-09;Sep;9;Tue;2
17/09/2014;2014;2014-Q3;Sep 2014;2014-09;Sep;9;Wed;3
18/09/2014;2014;2014-Q3;Sep 2014;2014-09;Sep;9;Thu;4
19/09/2014;2014;2014-Q3;Sep 2014;2014-09;Sep;9;Fri;5
20/09/2014;2014;2014-Q3;Sep 2014;2014-09;Sep;9;Sat;6
21/09/2014;2014;2014-Q3;Sep 2014;2014-09;Sep;9;Sun;7
22/09/2014;2014;2014-Q3;Sep 2014;2014-09;Sep;9;Mon;1
23/09/2014;2014;2014-Q3;Sep 2014;2014-09;Sep;9;Tue;2
24/09/2014;2014;2014-Q3;Sep 2014;2014-09;Sep;9;Wed;3
25/09/2014;2014;2014-Q3;Sep 2014;2014-09;Sep;9;Thu;4
26/09/2014;2014;2014-Q3;Sep 2014;2014-09;Sep;9;Fri;5
27/09/2014;2014;2014-Q3;Sep 2014;2014-09;Sep;9;Sat;6
28/09/2014;2014;2014-Q3;Sep 2014;2014-09;Sep;9;Sun;7
29/09/2014;2014;2014-Q3;Sep 2014;2014-09;Sep;9;Mon;1
30/09/2014;2014;2014-Q3;Sep 2014;2014-09;Sep;9;Tue;2
01/04/2014;2014;2014-Q2;Apr 2014;2014-04;Apr;4;Tue;2
02/04/2014;2014;2014-Q2;Apr 2014;2014-04;Apr;4;Wed;3
03/04/2014;2014;2014-Q2;Apr 2014;2014-04;Apr;4;Thu;4
04/04/2014;2014;2014-Q2;Apr 2014;2014-04;Apr;4;Fri;5
05/04/2014;2014;2014-Q2;Apr 2014;2014-04;Apr;4;Sat;6
06/04/2014;2014;2014-Q2;Apr 2014;2014-04;Apr;4;Sun;7
07/04/2014;2014;2014-Q2;Apr 2014;2014-04;Apr;4;Mon;1
08/04/2014;2014;2014-Q2;Apr 2014;2014-04;Apr;4;Tue;2
09/04/2014;2014;2014-Q2;Apr 2014;2014-04;Apr;4;Wed;3
10/04/2014;2014;2014-Q2;Apr 2014;2014-04;Apr;4;Thu;4
11/04/2014;2014;2014-Q2;Apr 2014;2014-04;Apr;4;Fri;5
12/04/2014;2014;2014-Q2;Apr 2014;2014-04;Apr;4;Sat;6
13/04/2014;2014;2014-Q2;Apr 2014;2014-04;Apr;4;Sun;7
14/04/2014;2014;2014-Q2;Apr 2014;2014-04;Apr;4;Mon;1
15/04/2014;2014;2014-Q2;Apr 2014;2014-04;Apr;4;Tue;2
16/04/2014;2014;2014-Q2;Apr 2014;2014-04;Apr;4;Wed;3
17/04/2014;2014;2014-Q2;Apr 2014;2014-04;Apr;4;Thu;4
18/04/2014;2014;2014-Q2;Apr 2014;2014-04;Apr;4;Fri;5
19/04/2014;2014;2014-Q2;Apr 2014;2014-04;Apr;4;Sat;6
20/04/2014;2014;2014-Q2;Apr 2014;2014-04;Apr;4;Sun;7
21/04/2014;2014;2014-Q2;Apr 2014;2014-04;Apr;4;Mon;1
22/04/2014;2014;2014-Q2;Apr 2014;2014-04;Apr;4;Tue;2
23/04/2014;2014;2014-Q2;Apr 2014;2014-04;Apr;4;Wed;3
24/04/2014;2014;2014-Q2;Apr 2014;2014-04;Apr;4;Thu;4
25/04/2014;2014;2014-Q2;Apr 2014;2014-04;Apr;4;Fri;5
26/04/2014;2014;2014-Q2;Apr 2014;2014-04;Apr;4;Sat;6
27/04/2014;2014;2014-Q2;Apr 2014;2014-04;Apr;4;Sun;7
28/04/2014;2014;2014-Q2;Apr 2014;2014-04;Apr;4;Mon;1
29/04/2014;2014;2014-Q2;Apr 2014;2014-04;Apr;4;Tue;2
30/04/2014;2014;2014-Q2;Apr 2014;2014-04;Apr;4;Wed;3
01/05/2014;2014;2014-Q2;May 2014;2014-05;May;5;Thu;4
02/05/2014;2014;2014-Q2;May 2014;2014-05;May;5;Fri;5
03/05/2014;2014;2014-Q2;May 2014;2014-05;May;5;Sat;6
04/05/2014;2014;2014-Q2;May 2014;2014-05;May;5;Sun;7
05/05/2014;2014;2014-Q2;May 2014;2014-05;May;5;Mon;1
06/05/2014;2014;2014-Q2;May 2014;2014-05;May;5;Tue;2
07/05/2014;2014;2014-Q2;May 2014;2014-05;May;5;Wed;3
08/05/2014;2014;2014-Q2;May 2014;2014-05;May;5;Thu;4
09/05/2014;2014;2014-Q2;May 2014;2014-05;May;5;Fri;5
10/05/2014;2014;2014-Q2;May 2014;2014-05;May;5;Sat;6
11/05/2014;2014;2014-Q2;May 2014;2014-05;May;5;Sun;7
12/05/2014;2014;2014-Q2;May 2014;2014-05;May;5;Mon;1
13/05/2014;2014;2014-Q2;May 2014;2014-05;May;5;Tue;2
14/05/2014;2014;2014-Q2;May 2014;2014-05;May;5;Wed;3
15/05/2014;2014;2014-Q2;May 2014;2014-05;May;5;Thu;4
16/05/2014;2014;2014-Q2;May 2014;2014-05;May;5;Fri;5
17/05/2014;2014;2014-Q2;May 2014;2014-05;May;5;Sat;6
18/05/2014;2014;2014-Q2;May 2014;2014-05;May;5;Sun;7
19/05/2014;2014;2014-Q2;May 2014;2014-05;May;5;Mon;1
20/05/2014;2014;2014-Q2;May 2014;2014-05;May;5;Tue;2
21/05/2014;2014;2014-Q2;May 2014;2014-05;May;5;Wed;3
22/05/2014;2014;2014-Q2;May 2014;2014-05;May;5;Thu;4
23/05/2014;2014;2014-Q2;May 2014;2014-05;May;5;Fri;5
24/05/2014;2014;2014-Q2;May 2014;2014-05;May;5;Sat;6
25/05/2014;2014;2014-Q2;May 2014;2014-05;May;5;Sun;7
26/05/2014;2014;2014-Q2;May 2014;2014-05;May;5;Mon;1
27/05/2014;2014;2014-Q2;May 2014;2014-05;May;5;Tue;2
28/05/2014;2014;2014-Q2;May 2014;2014-05;May;5;Wed;3
29/05/2014;2014;2014-Q2;May 2014;2014-05;May;5;Thu;4
30/05/2014;2014;2014-Q2;May 2014;2014-05;May;5;Fri;5
31/05/2014;2014;2014-Q2;May 2014;2014-05;May;5;Sat;6
01/06/2014;2014;2014-Q2;Jun 2014;2014-06;Jun;6;Sun;7
02/06/2014;2014;2014-Q2;Jun 2014;2014-06;Jun;6;Mon;1
03/06/2014;2014;2014-Q2;Jun 2014;2014-06;Jun;6;Tue;2
04/06/2014;2014;2014-Q2;Jun 2014;2014-06;Jun;6;Wed;3
05/06/2014;2014;2014-Q2;Jun 2014;2014-06;Jun;6;Thu;4
06/06/2014;2014;2014-Q2;Jun 2014;2014-06;Jun;6;Fri;5
07/06/2014;2014;2014-Q2;Jun 2014;2014-06;Jun;6;Sat;6
08/06/2014;2014;2014-Q2;Jun 2014;2014-06;Jun;6;Sun;7
09/06/2014;2014;2014-Q2;Jun 2014;2014-06;Jun;6;Mon;1
10/06/2014;2014;2014-Q2;Jun 2014;2014-06;Jun;6;Tue;2
11/06/2014;2014;2014-Q2;Jun 2014;2014-06;Jun;6;Wed;3
12/06/2014;2014;2014-Q2;Jun 2014;2014-06;Jun;6;Thu;4
13/06/2014;2014;2014-Q2;Jun 2014;2014-06;Jun;6;Fri;5
14/06/2014;2014;2014-Q2;Jun 2014;2014-06;Jun;6;Sat;6
15/06/2014;2014;2014-Q2;Jun 2014;2014-06;Jun;6;Sun;7
16/06/2014;2014;2014-Q2;Jun 2014;2014-06;Jun;6;Mon;1
17/06/2014;2014;2014-Q2;Jun 2014;2014-06;Jun;6;Tue;2
18/06/2014;2014;2014-Q2;Jun 2014;2014-06;Jun;6;Wed;3
19/06/2014;2014;2014-Q2;Jun 2014;2014-06;Jun;6;Thu;4
20/06/2014;2014;2014-Q2;Jun 2014;2014-06;Jun;6;Fri;5
21/06/2014;2014;2014-Q2;Jun 2014;2014-06;Jun;6;Sat;6
22/06/2014;2014;2014-Q2;Jun 2014;2014-06;Jun;6;Sun;7
23/06/2014;2014;2014-Q2;Jun 2014;2014-06;Jun;6;Mon;1
24/06/2014;2014;2014-Q2;Jun 2014;2014-06;Jun;6;Tue;2
25/06/2014;2014;2014-Q2;Jun 2014;2014-06;Jun;6;Wed;3
26/06/2014;2014;2014-Q2;Jun 2014;2014-06;Jun;6;Thu;4
27/06/2014;2014;2014-Q2;Jun 2014;2014-06;Jun;6;Fri;5
28/06/2014;2014;2014-Q2;Jun 2014;2014-06;Jun;6;Sat;6
29/06/2014;2014;2014-Q2;Jun 2014;2014-06;Jun;6;Sun;7
30/06/2014;2014;2014-Q2;Jun 2014;2014-06;Jun;6;Mon;1
01/10/2014;2014;2014-Q4;Oct 2014;2014-10;Oct;10;Wed;3
02/10/2014;2014;2014-Q4;Oct 2014;2014-10;Oct;10;Thu;4
03/10/2014;2014;2014-Q4;Oct 2014;2014-10;Oct;10;Fri;5
04/10/2014;2014;2014-Q4;Oct 2014;2014-10;Oct;10;Sat;6
05/10/2014;2014;2014-Q4;Oct 2014;2014-10;Oct;10;Sun;7
06/10/2014;2014;2014-Q4;Oct 2014;2014-10;Oct;10;Mon;1
07/10/2014;2014;2014-Q4;Oct 2014;2014-10;Oct;10;Tue;2
08/10/2014;2014;2014-Q4;Oct 2014;2014-10;Oct;10;Wed;3
09/10/2014;2014;2014-Q4;Oct 2014;2014-10;Oct;10;Thu;4
10/10/2014;2014;2014-Q4;Oct 2014;2014-10;Oct;10;Fri;5
11/10/2014;2014;2014-Q4;Oct 2014;2014-10;Oct;10;Sat;6
12/10/2014;2014;2014-Q4;Oct 2014;2014-10;Oct;10;Sun;7
13/10/2014;2014;2014-Q4;Oct 2014;2014-10;Oct;10;Mon;1
14/10/2014;2014;2014-Q4;Oct 2014;2014-10;Oct;10;Tue;2
15/10/2014;2014;2014-Q4;Oct 2014;2014-10;Oct;10;Wed;3
16/10/2014;2014;2014-Q4;Oct 2014;2014-10;Oct;10;Thu;4
17/10/2014;2014;2014-Q4;Oct 2014;2014-10;Oct;10;Fri;5
18/10/2014;2014;2014-Q4;Oct 2014;2014-10;Oct;10;Sat;6
19/10/2014;2014;2014-Q4;Oct 2014;2014-10;Oct;10;Sun;7
20/10/2014;2014;2014-Q4;Oct 2014;2014-10;Oct;10;Mon;1
21/10/2014;2014;2014-Q4;Oct 2014;2014-10;Oct;10;Tue;2
22/10/2014;2014;2014-Q4;Oct 2014;2014-10;Oct;10;Wed;3
23/10/2014;2014;2014-Q4;Oct 2014;2014-10;Oct;10;Thu;4
24/10/2014;2014;2014-Q4;Oct 2014;2014-10;Oct;10;Fri;5
25/10/2014;2014;2014-Q4;Oct 2014;2014-10;Oct;10;Sat;6
26/10/2014;2014;2014-Q4;Oct 2014;2014-10;Oct;10;Sun;7
27/10/2014;2014;2014-Q4;Oct 2014;2014-10;Oct;10;Mon;1
28/10/2014;2014;2014-Q4;Oct 2014;2014-10;Oct;10;Tue;2
29/10/2014;2014;2014-Q4;Oct 2014;2014-10;Oct;10;Wed;3
30/10/2014;2014;2014-Q4;Oct 2014;2014-10;Oct;10;Thu;4
31/10/2014;2014;2014-Q4;Oct 2014;2014-10;Oct;10;Fri;5
01/11/2014;2014;2014-Q4;Nov 2014;2014-11;Nov;11;Sat;6
02/11/2014;2014;2014-Q4;Nov 2014;2014-11;Nov;11;Sun;7
03/11/2014;2014;2014-Q4;Nov 2014;2014-11;Nov;11;Mon;1
04/11/2014;2014;2014-Q4;Nov 2014;2014-11;Nov;11;Tue;2
05/11/2014;2014;2014-Q4;Nov 2014;2014-11;Nov;11;Wed;3
06/11/2014;2014;2014-Q4;Nov 2014;2014-11;Nov;11;Thu;4
07/11/2014;2014;2014-Q4;Nov 2014;2014-11;Nov;11;Fri;5
08/11/2014;2014;2014-Q4;Nov 2014;2014-11;Nov;11;Sat;6
09/11/2014;2014;2014-Q4;Nov 2014;2014-11;Nov;11;Sun;7
10/11/2014;2014;2014-Q4;Nov 2014;2014-11;Nov;11;Mon;1
11/11/2014;2014;2014-Q4;Nov 2014;2014-11;Nov;11;Tue;2
12/11/2014;2014;2014-Q4;Nov 2014;2014-11;Nov;11;Wed;3
13/11/2014;2014;2014-Q4;Nov 2014;2014-11;Nov;11;Thu;4
14/11/2014;2014;2014-Q4;Nov 2014;2014-11;Nov;11;Fri;5
15/11/2014;2014;2014-Q4;Nov 2014;2014-11;Nov;11;Sat;6
16/11/2014;2014;2014-Q4;Nov 2014;2014-11;Nov;11;Sun;7
17/11/2014;2014;2014-Q4;Nov 2014;2014-11;Nov;11;Mon;1
18/11/2014;2014;2014-Q4;Nov 2014;2014-11;Nov;11;Tue;2
19/11/2014;2014;2014-Q4;Nov 2014;2014-11;Nov;11;Wed;3
20/11/2014;2014;2014-Q4;Nov 2014;2014-11;Nov;11;Thu;4
21/11/2014;2014;2014-Q4;Nov 2014;2014-11;Nov;11;Fri;5
22/11/2014;2014;2014-Q4;Nov 2014;2014-11;Nov;11;Sat;6
23/11/2014;2014;2014-Q4;Nov 2014;2014-11;Nov;11;Sun;7
24/11/2014;2014;2014-Q4;Nov 2014;2014-11;Nov;11;Mon;1
25/11/2014;2014;2014-Q4;Nov 2014;2014-11;Nov;11;Tue;2
26/11/2014;2014;2014-Q4;Nov 2014;2014-11;Nov;11;Wed;3
27/11/2014;2014;2014-Q4;Nov 2014;2014-11;Nov;11;Thu;4
28/11/2014;2014;2014-Q4;Nov 2014;2014-11;Nov;11;Fri;5
29/11/2014;2014;2014-Q4;Nov 2014;2014-11;Nov;11;Sat;6
30/11/2014;2014;2014-Q4;Nov 2014;2014-11;Nov;11;Sun;7
01/12/2014;2014;2014-Q4;Dec 2014;2014-12;Dec;12;Mon;1
02/12/2014;2014;2014-Q4;Dec 2014;2014-12;Dec;12;Tue;2
03/12/2014;2014;2014-Q4;Dec 2014;2014-12;Dec;12;Wed;3
04/12/2014;2014;2014-Q4;Dec 2014;2014-12;Dec;12;Thu;4
05/12/2014;2014;2014-Q4;Dec 2014;2014-12;Dec;12;Fri;5
06/12/2014;2014;2014-Q4;Dec 2014;2014-12;Dec;12;Sat;6
07/12/2014;2014;2014-Q4;Dec 2014;2014-12;Dec;12;Sun;7
08/12/2014;2014;2014-Q4;Dec 2014;2014-12;Dec;12;Mon;1
09/12/2014;2014;2014-Q4;Dec 2014;2014-12;Dec;12;Tue;2
10/12/2014;2014;2014-Q4;Dec 2014;2014-12;Dec;12;Wed;3
11/12/2014;2014;2014-Q4;Dec 2014;2014-12;Dec;12;Thu;4
12/12/2014;2014;2014-Q4;Dec 2014;2014-12;Dec;12;Fri;5
13/12/2014;2014;2014-Q4;Dec 2014;2014-12;Dec;12;Sat;6
14/12/2014;2014;2014-Q4;Dec 2014;2014-12;Dec;12;Sun;7
15/12/2014;2014;2014-Q4;Dec 2014;2014-12;Dec;12;Mon;1
16/12/2014;2014;2014-Q4;Dec 2014;2014-12;Dec;12;Tue;2
17/12/2014;2014;2014-Q4;Dec 2014;2014-12;Dec;12;Wed;3
18/12/2014;2014;2014-Q4;Dec 2014;2014-12;Dec;12;Thu;4
19/12/2014;2014;2014-Q4;Dec 2014;2014-12;Dec;12;Fri;5
20/12/2014;2014;2014-Q4;Dec 2014;2014-12;Dec;12;Sat;6
21/12/2014;2014;2014-Q4;Dec 2014;2014-12;Dec;12;Sun;7
22/12/2014;2014;2014-Q4;Dec 2014;2014-12;Dec;12;Mon;1
23/12/2014;2014;2014-Q4;Dec 2014;2014-12;Dec;12;Tue;2
24/12/2014;2014;2014-Q4;Dec 2014;2014-12;Dec;12;Wed;3
25/12/2014;2014;2014-Q4;Dec 2014;2014-12;Dec;12;Thu;4
26/12/2014;2014;2014-Q4;Dec 2014;2014-12;Dec;12;Fri;5
27/12/2014;2014;2014-Q4;Dec 2014;2014-12;Dec;12;Sat;6
28/12/2014;2014;2014-Q4;Dec 2014;2014-12;Dec;12;Sun;7
29/12/2014;2014;2014-Q4;Dec 2014;2014-12;Dec;12;Mon;1
30/12/2014;2014;2014-Q4;Dec 2014;2014-12;Dec;12;Tue;2
31/12/2014;2014;2014-Q4;Dec 2014;2014-12;Dec;12;Wed;3
01/01/2014;2014;2014-Q1;Jan 2014;2014-01;Jan;1;Wed;3
02/01/2014;2014;2014-Q1;Jan 2014;2014-01;Jan;1;Thu;4
03/01/2014;2014;2014-Q1;Jan 2014;2014-01;Jan;1;Fri;5
04/01/2014;2014;2014-Q1;Jan 2014;2014-01;Jan;1;Sat;6
05/01/2014;2014;2014-Q1;Jan 2014;2014-01;Jan;1;Sun;7
06/01/2014;2014;2014-Q1;Jan 2014;2014-01;Jan;1;Mon;1
07/01/2014;2014;2014-Q1;Jan 2014;2014-01;Jan;1;Tue;2
08/01/2014;2014;2014-Q1;Jan 2014;2014-01;Jan;1;Wed;3
09/01/2014;2014;2014-Q1;Jan 2014;2014-01;Jan;1;Thu;4
10/01/2014;2014;2014-Q1;Jan 2014;2014-01;Jan;1;Fri;5
11/01/2014;2014;2014-Q1;Jan 2014;2014-01;Jan;1;Sat;6
12/01/2014;2014;2014-Q1;Jan 2014;2014-01;Jan;1;Sun;7
13/01/2014;2014;2014-Q1;Jan 2014;2014-01;Jan;1;Mon;1
14/01/2014;2014;2014-Q1;Jan 2014;2014-01;Jan;1;Tue;2
15/01/2014;2014;2014-Q1;Jan 2014;2014-01;Jan;1;Wed;3
16/01/2014;2014;2014-Q1;Jan 2014;2014-01;Jan;1;Thu;4
17/01/2014;2014;2014-Q1;Jan 2014;2014-01;Jan;1;Fri;5
18/01/2014;2014;2014-Q1;Jan 2014;2014-01;Jan;1;Sat;6
19/01/2014;2014;2014-Q1;Jan 2014;2014-01;Jan;1;Sun;7
20/01/2014;2014;2014-Q1;Jan 2014;2014-01;Jan;1;Mon;1
21/01/2014;2014;2014-Q1;Jan 2014;2014-01;Jan;1;Tue;2
22/01/2014;2014;2014-Q1;Jan 2014;2014-01;Jan;1;Wed;3
23/01/2014;2014;2014-Q1;Jan 2014;2014-01;Jan;1;Thu;4
24/01/2014;2014;2014-Q1;Jan 2014;2014-01;Jan;1;Fri;5
25/01/2014;2014;2014-Q1;Jan 2014;2014-01;Jan;1;Sat;6
26/01/2014;2014;2014-Q1;Jan 2014;2014-01;Jan;1;Sun;7
27/01/2014;2014;2014-Q1;Jan 2014;2014-01;Jan;1;Mon;1
28/01/2014;2014;2014-Q1;Jan 2014;2014-01;Jan;1;Tue;2
29/01/2014;2014;2014-Q1;Jan 2014;2014-01;Jan;1;Wed;3
30/01/2014;2014;2014-Q1;Jan 2014;2014-01;Jan;1;Thu;4
31/01/2014;2014;2014-Q1;Jan 2014;2014-01;Jan;1;Fri;5
01/02/2014;2014;2014-Q1;Feb 2014;2014-02;Feb;2;Sat;6
02/02/2014;2014;2014-Q1;Feb 2014;2014-02;Feb;2;Sun;7
03/02/2014;2014;2014-Q1;Feb 2014;2014-02;Feb;2;Mon;1
04/02/2014;2014;2014-Q1;Feb 2014;2014-02;Feb;2;Tue;2
05/02/2014;2014;2014-Q1;Feb 2014;2014-02;Feb;2;Wed;3
06/02/2014;2014;2014-Q1;Feb 2014;2014-02;Feb;2;Thu;4
07/02/2014;2014;2014-Q1;Feb 2014;2014-02;Feb;2;Fri;5
08/02/2014;2014;2014-Q1;Feb 2014;2014-02;Feb;2;Sat;6
09/02/2014;2014;2014-Q1;Feb 2014;2014-02;Feb;2;Sun;7
10/02/2014;2014;2014-Q1;Feb 2014;2014-02;Feb;2;Mon;1
11/02/2014;2014;2014-Q1;Feb 2014;2014-02;Feb;2;Tue;2
12/02/2014;2014;2014-Q1;Feb 2014;2014-02;Feb;2;Wed;3
13/02/2014;2014;2014-Q1;Feb 2014;2014-02;Feb;2;Thu;4
14/02/2014;2014;2014-Q1;Feb 2014;2014-02;Feb;2;Fri;5
15/02/2014;2014;2014-Q1;Feb 2014;2014-02;Feb;2;Sat;6
16/02/2014;2014;2014-Q1;Feb 2014;2014-02;Feb;2;Sun;7
17/02/2014;2014;2014-Q1;Feb 2014;2014-02;Feb;2;Mon;1
18/02/2014;2014;2014-Q1;Feb 2014;2014-02;Feb;2;Tue;2
19/02/2014;2014;2014-Q1;Feb 2014;2014-02;Feb;2;Wed;3
20/02/2014;2014;2014-Q1;Feb 2014;2014-02;Feb;2;Thu;4
21/02/2014;2014;2014-Q1;Feb 2014;2014-02;Feb;2;Fri;5
22/02/2014;2014;2014-Q1;Feb 2014;2014-02;Feb;2;Sat;6
23/02/2014;2014;2014-Q1;Feb 2014;2014-02;Feb;2;Sun;7
24/02/2014;2014;2014-Q1;Feb 2014;2014-02;Feb;2;Mon;1
25/02/2014;2014;2014-Q1;Feb 2014;2014-02;Feb;2;Tue;2
26/02/2014;2014;2014-Q1;Feb 2014;2014-02;Feb;2;Wed;3
27/02/2014;2014;2014-Q1;Feb 2014;2014-02;Feb;2;Thu;4
28/02/2014;2014;2014-Q1;Feb 2014;2014-02;Feb;2;Fri;5
01/03/2014;2014;2014-Q1;Mar 2014;2014-03;Mar;3;Sat;6
02/03/2014;2014;2014-Q1;Mar 2014;2014-03;Mar;3;Sun;7
03/03/2014;2014;2014-Q1;Mar 2014;2014-03;Mar;3;Mon;1
04/03/2014;2014;2014-Q1;Mar 2014;2014-03;Mar;3;Tue;2
05/03/2014;2014;2014-Q1;Mar 2014;2014-03;Mar;3;Wed;3
06/03/2014;2014;2014-Q1;Mar 2014;2014-03;Mar;3;Thu;4
07/03/2014;2014;2014-Q1;Mar 2014;2014-03;Mar;3;Fri;5
08/03/2014;2014;2014-Q1;Mar 2014;2014-03;Mar;3;Sat;6
09/03/2014;2014;2014-Q1;Mar 2014;2014-03;Mar;3;Sun;7
10/03/2014;2014;2014-Q1;Mar 2014;2014-03;Mar;3;Mon;1
11/03/2014;2014;2014-Q1;Mar 2014;2014-03;Mar;3;Tue;2
12/03/2014;2014;2014-Q1;Mar 2014;2014-03;Mar;3;Wed;3
13/03/2014;2014;2014-Q1;Mar 2014;2014-03;Mar;3;Thu;4
14/03/2014;2014;2014-Q1;Mar 2014;2014-03;Mar;3;Fri;5
15/03/2014;2014;2014-Q1;Mar 2014;2014-03;Mar;3;Sat;6
16/03/2014;2014;2014-Q1;Mar 2014;2014-03;Mar;3;Sun;7
17/03/2014;2014;2014-Q1;Mar 2014;2014-03;Mar;3;Mon;1
18/03/2014;2014;2014-Q1;Mar 2014;2014-03;Mar;3;Tue;2
19/03/2014;2014;2014-Q1;Mar 2014;2014-03;Mar;3;Wed;3
20/03/2014;2014;2014-Q1;Mar 2014;2014-03;Mar;3;Thu;4
21/03/2014;2014;2014-Q1;Mar 2014;2014-03;Mar;3;Fri;5
22/03/2014;2014;2014-Q1;Mar 2014;2014-03;Mar;3;Sat;6
23/03/2014;2014;2014-Q1;Mar 2014;2014-03;Mar;3;Sun;7
24/03/2014;2014;2014-Q1;Mar 2014;2014-03;Mar;3;Mon;1
25/03/2014;2014;2014-Q1;Mar 2014;2014-03;Mar;3;Tue;2
26/03/2014;2014;2014-Q1;Mar 2014;2014-03;Mar;3;Wed;3
27/03/2014;2014;2014-Q1;Mar 2014;2014-03;Mar;3;Thu;4
28/03/2014;2014;2014-Q1;Mar 2014;2014-03;Mar;3;Fri;5
29/03/2014;2014;2014-Q1;Mar 2014;2014-03;Mar;3;Sat;6
30/03/2014;2014;2014-Q1;Mar 2014;2014-03;Mar;3;Sun;7
31/03/2014;2014;2014-Q1;Mar 2014;2014-03;Mar;3;Mon;1
01/01/2015;2015;2015-Q1;Jan 2015;2015-01;Jan;1;Thu;4
02/01/2015;2015;2015-Q1;Jan 2015;2015-01;Jan;1;Fri;5
03/01/2015;2015;2015-Q1;Jan 2015;2015-01;Jan;1;Sat;6
04/01/2015;2015;2015-Q1;Jan 2015;2015-01;Jan;1;Sun;7
05/01/2015;2015;2015-Q1;Jan 2015;2015-01;Jan;1;Mon;1
06/01/2015;2015;2015-Q1;Jan 2015;2015-01;Jan;1;Tue;2
07/01/2015;2015;2015-Q1;Jan 2015;2015-01;Jan;1;Wed;3
08/01/2015;2015;2015-Q1;Jan 2015;2015-01;Jan;1;Thu;4
09/01/2015;2015;2015-Q1;Jan 2015;2015-01;Jan;1;Fri;5
10/01/2015;2015;2015-Q1;Jan 2015;2015-01;Jan;1;Sat;6
11/01/2015;2015;2015-Q1;Jan 2015;2015-01;Jan;1;Sun;7
12/01/2015;2015;2015-Q1;Jan 2015;2015-01;Jan;1;Mon;1
13/01/2015;2015;2015-Q1;Jan 2015;2015-01;Jan;1;Tue;2
14/01/2015;2015;2015-Q1;Jan 2015;2015-01;Jan;1;Wed;3
15/01/2015;2015;2015-Q1;Jan 2015;2015-01;Jan;1;Thu;4
16/01/2015;2015;2015-Q1;Jan 2015;2015-01;Jan;1;Fri;5
17/01/2015;2015;2015-Q1;Jan 2015;2015-01;Jan;1;Sat;6
18/01/2015;2015;2015-Q1;Jan 2015;2015-01;Jan;1;Sun;7
19/01/2015;2015;2015-Q1;Jan 2015;2015-01;Jan;1;Mon;1
20/01/2015;2015;2015-Q1;Jan 2015;2015-01;Jan;1;Tue;2
21/01/2015;2015;2015-Q1;Jan 2015;2015-01;Jan;1;Wed;3
22/01/2015;2015;2015-Q1;Jan 2015;2015-01;Jan;1;Thu;4
23/01/2015;2015;2015-Q1;Jan 2015;2015-01;Jan;1;Fri;5
24/01/2015;2015;2015-Q1;Jan 2015;2015-01;Jan;1;Sat;6
25/01/2015;2015;2015-Q1;Jan 2015;2015-01;Jan;1;Sun;7
26/01/2015;2015;2015-Q1;Jan 2015;2015-01;Jan;1;Mon;1
27/01/2015;2015;2015-Q1;Jan 2015;2015-01;Jan;1;Tue;2
28/01/2015;2015;2015-Q1;Jan 2015;2015-01;Jan;1;Wed;3
29/01/2015;2015;2015-Q1;Jan 2015;2015-01;Jan;1;Thu;4
30/01/2015;2015;2015-Q1;Jan 2015;2015-01;Jan;1;Fri;5
31/01/2015;2015;2015-Q1;Jan 2015;2015-01;Jan;1;Sat;6
01/02/2015;2015;2015-Q1;Feb 2015;2015-02;Feb;2;Sun;7
02/02/2015;2015;2015-Q1;Feb 2015;2015-02;Feb;2;Mon;1
03/02/2015;2015;2015-Q1;Feb 2015;2015-02;Feb;2;Tue;2
04/02/2015;2015;2015-Q1;Feb 2015;2015-02;Feb;2;Wed;3
05/02/2015;2015;2015-Q1;Feb 2015;2015-02;Feb;2;Thu;4
06/02/2015;2015;2015-Q1;Feb 2015;2015-02;Feb;2;Fri;5
07/02/2015;2015;2015-Q1;Feb 2015;2015-02;Feb;2;Sat;6
08/02/2015;2015;2015-Q1;Feb 2015;2015-02;Feb;2;Sun;7
09/02/2015;2015;2015-Q1;Feb 2015;2015-02;Feb;2;Mon;1
10/02/2015;2015;2015-Q1;Feb 2015;2015-02;Feb;2;Tue;2
11/02/2015;2015;2015-Q1;Feb 2015;2015-02;Feb;2;Wed;3
12/02/2015;2015;2015-Q1;Feb 2015;2015-02;Feb;2;Thu;4
13/02/2015;2015;2015-Q1;Feb 2015;2015-02;Feb;2;Fri;5
14/02/2015;2015;2015-Q1;Feb 2015;2015-02;Feb;2;Sat;6
15/02/2015;2015;2015-Q1;Feb 2015;2015-02;Feb;2;Sun;7
16/02/2015;2015;2015-Q1;Feb 2015;2015-02;Feb;2;Mon;1
17/02/2015;2015;2015-Q1;Feb 2015;2015-02;Feb;2;Tue;2
18/02/2015;2015;2015-Q1;Feb 2015;2015-02;Feb;2;Wed;3
19/02/2015;2015;2015-Q1;Feb 2015;2015-02;Feb;2;Thu;4
20/02/2015;2015;2015-Q1;Feb 2015;2015-02;Feb;2;Fri;5
21/02/2015;2015;2015-Q1;Feb 2015;2015-02;Feb;2;Sat;6
22/02/2015;2015;2015-Q1;Feb 2015;2015-02;Feb;2;Sun;7
23/02/2015;2015;2015-Q1;Feb 2015;2015-02;Feb;2;Mon;1
24/02/2015;2015;2015-Q1;Feb 2015;2015-02;Feb;2;Tue;2
25/02/2015;2015;2015-Q1;Feb 2015;2015-02;Feb;2;Wed;3
26/02/2015;2015;2015-Q1;Feb 2015;2015-02;Feb;2;Thu;4
27/02/2015;2015;2015-Q1;Feb 2015;2015-02;Feb;2;Fri;5
28/02/2015;2015;2015-Q1;Feb 2015;2015-02;Feb;2;Sat;6
01/03/2015;2015;2015-Q1;Mar 2015;2015-03;Mar;3;Sun;7
02/03/2015;2015;2015-Q1;Mar 2015;2015-03;Mar;3;Mon;1
03/03/2015;2015;2015-Q1;Mar 2015;2015-03;Mar;3;Tue;2
04/03/2015;2015;2015-Q1;Mar 2015;2015-03;Mar;3;Wed;3
05/03/2015;2015;2015-Q1;Mar 2015;2015-03;Mar;3;Thu;4
06/03/2015;2015;2015-Q1;Mar 2015;2015-03;Mar;3;Fri;5
07/03/2015;2015;2015-Q1;Mar 2015;2015-03;Mar;3;Sat;6
08/03/2015;2015;2015-Q1;Mar 2015;2015-03;Mar;3;Sun;7
09/03/2015;2015;2015-Q1;Mar 2015;2015-03;Mar;3;Mon;1
10/03/2015;2015;2015-Q1;Mar 2015;2015-03;Mar;3;Tue;2
11/03/2015;2015;2015-Q1;Mar 2015;2015-03;Mar;3;Wed;3
12/03/2015;2015;2015-Q1;Mar 2015;2015-03;Mar;3;Thu;4
13/03/2015;2015;2015-Q1;Mar 2015;2015-03;Mar;3;Fri;5
14/03/2015;2015;2015-Q1;Mar 2015;2015-03;Mar;3;Sat;6
15/03/2015;2015;2015-Q1;Mar 2015;2015-03;Mar;3;Sun;7
16/03/2015;2015;2015-Q1;Mar 2015;2015-03;Mar;3;Mon;1
17/03/2015;2015;2015-Q1;Mar 2015;2015-03;Mar;3;Tue;2
18/03/2015;2015;2015-Q1;Mar 2015;2015-03;Mar;3;Wed;3
19/03/2015;2015;2015-Q1;Mar 2015;2015-03;Mar;3;Thu;4
20/03/2015;2015;2015-Q1;Mar 2015;2015-03;Mar;3;Fri;5
21/03/2015;2015;2015-Q1;Mar 2015;2015-03;Mar;3;Sat;6
22/03/2015;2015;2015-Q1;Mar 2015;2015-03;Mar;3;Sun;7
23/03/2015;2015;2015-Q1;Mar 2015;2015-03;Mar;3;Mon;1
24/03/2015;2015;2015-Q1;Mar 2015;2015-03;Mar;3;Tue;2
25/03/2015;2015;2015-Q1;Mar 2015;2015-03;Mar;3;Wed;3
26/03/2015;2015;2015-Q1;Mar 2015;2015-03;Mar;3;Thu;4
27/03/2015;2015;2015-Q1;Mar 2015;2015-03;Mar;3;Fri;5
28/03/2015;2015;2015-Q1;Mar 2015;2015-03;Mar;3;Sat;6
29/03/2015;2015;2015-Q1;Mar 2015;2015-03;Mar;3;Sun;7
30/03/2015;2015;2015-Q1;Mar 2015;2015-03;Mar;3;Mon;1
31/03/2015;2015;2015-Q1;Mar 2015;2015-03;Mar;3;Tue;2
01/10/2015;2015;2015-Q4;Oct 2015;2015-10;Oct;10;Thu;4
02/10/2015;2015;2015-Q4;Oct 2015;2015-10;Oct;10;Fri;5
03/10/2015;2015;2015-Q4;Oct 2015;2015-10;Oct;10;Sat;6
04/10/2015;2015;2015-Q4;Oct 2015;2015-10;Oct;10;Sun;7
05/10/2015;2015;2015-Q4;Oct 2015;2015-10;Oct;10;Mon;1
06/10/2015;2015;2015-Q4;Oct 2015;2015-10;Oct;10;Tue;2
07/10/2015;2015;2015-Q4;Oct 2015;2015-10;Oct;10;Wed;3
08/10/2015;2015;2015-Q4;Oct 2015;2015-10;Oct;10;Thu;4
09/10/2015;2015;2015-Q4;Oct 2015;2015-10;Oct;10;Fri;5
10/10/2015;2015;2015-Q4;Oct 2015;2015-10;Oct;10;Sat;6
11/10/2015;2015;2015-Q4;Oct 2015;2015-10;Oct;10;Sun;7
12/10/2015;2015;2015-Q4;Oct 2015;2015-10;Oct;10;Mon;1
13/10/2015;2015;2015-Q4;Oct 2015;2015-10;Oct;10;Tue;2
14/10/2015;2015;2015-Q4;Oct 2015;2015-10;Oct;10;Wed;3
15/10/2015;2015;2015-Q4;Oct 2015;2015-10;Oct;10;Thu;4
16/10/2015;2015;2015-Q4;Oct 2015;2015-10;Oct;10;Fri;5
17/10/2015;2015;2015-Q4;Oct 2015;2015-10;Oct;10;Sat;6
18/10/2015;2015;2015-Q4;Oct 2015;2015-10;Oct;10;Sun;7
19/10/2015;2015;2015-Q4;Oct 2015;2015-10;Oct;10;Mon;1
20/10/2015;2015;2015-Q4;Oct 2015;2015-10;Oct;10;Tue;2
21/10/2015;2015;2015-Q4;Oct 2015;2015-10;Oct;10;Wed;3
22/10/2015;2015;2015-Q4;Oct 2015;2015-10;Oct;10;Thu;4
23/10/2015;2015;2015-Q4;Oct 2015;2015-10;Oct;10;Fri;5
24/10/2015;2015;2015-Q4;Oct 2015;2015-10;Oct;10;Sat;6
25/10/2015;2015;2015-Q4;Oct 2015;2015-10;Oct;10;Sun;7
26/10/2015;2015;2015-Q4;Oct 2015;2015-10;Oct;10;Mon;1
27/10/2015;2015;2015-Q4;Oct 2015;2015-10;Oct;10;Tue;2
28/10/2015;2015;2015-Q4;Oct 2015;2015-10;Oct;10;Wed;3
29/10/2015;2015;2015-Q4;Oct 2015;2015-10;Oct;10;Thu;4
30/10/2015;2015;2015-Q4;Oct 2015;2015-10;Oct;10;Fri;5
31/10/2015;2015;2015-Q4;Oct 2015;2015-10;Oct;10;Sat;6
01/11/2015;2015;2015-Q4;Nov 2015;2015-11;Nov;11;Sun;7
02/11/2015;2015;2015-Q4;Nov 2015;2015-11;Nov;11;Mon;1
03/11/2015;2015;2015-Q4;Nov 2015;2015-11;Nov;11;Tue;2
04/11/2015;2015;2015-Q4;Nov 2015;2015-11;Nov;11;Wed;3
05/11/2015;2015;2015-Q4;Nov 2015;2015-11;Nov;11;Thu;4
06/11/2015;2015;2015-Q4;Nov 2015;2015-11;Nov;11;Fri;5
07/11/2015;2015;2015-Q4;Nov 2015;2015-11;Nov;11;Sat;6
08/11/2015;2015;2015-Q4;Nov 2015;2015-11;Nov;11;Sun;7
09/11/2015;2015;2015-Q4;Nov 2015;2015-11;Nov;11;Mon;1
10/11/2015;2015;2015-Q4;Nov 2015;2015-11;Nov;11;Tue;2
11/11/2015;2015;2015-Q4;Nov 2015;2015-11;Nov;11;Wed;3
12/11/2015;2015;2015-Q4;Nov 2015;2015-11;Nov;11;Thu;4
13/11/2015;2015;2015-Q4;Nov 2015;2015-11;Nov;11;Fri;5
14/11/2015;2015;2015-Q4;Nov 2015;2015-11;Nov;11;Sat;6
15/11/2015;2015;2015-Q4;Nov 2015;2015-11;Nov;11;Sun;7
16/11/2015;2015;2015-Q4;Nov 2015;2015-11;Nov;11;Mon;1
17/11/2015;2015;2015-Q4;Nov 2015;2015-11;Nov;11;Tue;2
18/11/2015;2015;2015-Q4;Nov 2015;2015-11;Nov;11;Wed;3
19/11/2015;2015;2015-Q4;Nov 2015;2015-11;Nov;11;Thu;4
20/11/2015;2015;2015-Q4;Nov 2015;2015-11;Nov;11;Fri;5
21/11/2015;2015;2015-Q4;Nov 2015;2015-11;Nov;11;Sat;6
22/11/2015;2015;2015-Q4;Nov 2015;2015-11;Nov;11;Sun;7
23/11/2015;2015;2015-Q4;Nov 2015;2015-11;Nov;11;Mon;1
24/11/2015;2015;2015-Q4;Nov 2015;2015-11;Nov;11;Tue;2
25/11/2015;2015;2015-Q4;Nov 2015;2015-11;Nov;11;Wed;3
26/11/2015;2015;2015-Q4;Nov 2015;2015-11;Nov;11;Thu;4
27/11/2015;2015;2015-Q4;Nov 2015;2015-11;Nov;11;Fri;5
28/11/2015;2015;2015-Q4;Nov 2015;2015-11;Nov;11;Sat;6
29/11/2015;2015;2015-Q4;Nov 2015;2015-11;Nov;11;Sun;7
30/11/2015;2015;2015-Q4;Nov 2015;2015-11;Nov;11;Mon;1
01/12/2015;2015;2015-Q4;Dec 2015;2015-12;Dec;12;Tue;2
02/12/2015;2015;2015-Q4;Dec 2015;2015-12;Dec;12;Wed;3
03/12/2015;2015;2015-Q4;Dec 2015;2015-12;Dec;12;Thu;4
04/12/2015;2015;2015-Q4;Dec 2015;2015-12;Dec;12;Fri;5
05/12/2015;2015;2015-Q4;Dec 2015;2015-12;Dec;12;Sat;6
06/12/2015;2015;2015-Q4;Dec 2015;2015-12;Dec;12;Sun;7
07/12/2015;2015;2015-Q4;Dec 2015;2015-12;Dec;12;Mon;1
08/12/2015;2015;2015-Q4;Dec 2015;2015-12;Dec;12;Tue;2
09/12/2015;2015;2015-Q4;Dec 2015;2015-12;Dec;12;Wed;3
10/12/2015;2015;2015-Q4;Dec 2015;2015-12;Dec;12;Thu;4
11/12/2015;2015;2015-Q4;Dec 2015;2015-12;Dec;12;Fri;5
12/12/2015;2015;2015-Q4;Dec 2015;2015-12;Dec;12;Sat;6
13/12/2015;2015;2015-Q4;Dec 2015;2015-12;Dec;12;Sun;7
14/12/2015;2015;2015-Q4;Dec 2015;2015-12;Dec;12;Mon;1
15/12/2015;2015;2015-Q4;Dec 2015;2015-12;Dec;12;Tue;2
16/12/2015;2015;2015-Q4;Dec 2015;2015-12;Dec;12;Wed;3
17/12/2015;2015;2015-Q4;Dec 2015;2015-12;Dec;12;Thu;4
18/12/2015;2015;2015-Q4;Dec 2015;2015-12;Dec;12;Fri;5
19/12/2015;2015;2015-Q4;Dec 2015;2015-12;Dec;12;Sat;6
20/12/2015;2015;2015-Q4;Dec 2015;2015-12;Dec;12;Sun;7
21/12/2015;2015;2015-Q4;Dec 2015;2015-12;Dec;12;Mon;1
22/12/2015;2015;2015-Q4;Dec 2015;2015-12;Dec;12;Tue;2
23/12/2015;2015;2015-Q4;Dec 2015;2015-12;Dec;12;Wed;3
24/12/2015;2015;2015-Q4;Dec 2015;2015-12;Dec;12;Thu;4
25/12/2015;2015;2015-Q4;Dec 2015;2015-12;Dec;12;Fri;5
26/12/2015;2015;2015-Q4;Dec 2015;2015-12;Dec;12;Sat;6
27/12/2015;2015;2015-Q4;Dec 2015;2015-12;Dec;12;Sun;7
28/12/2015;2015;2015-Q4;Dec 2015;2015-12;Dec;12;Mon;1
29/12/2015;2015;2015-Q4;Dec 2015;2015-12;Dec;12;Tue;2
30/12/2015;2015;2015-Q4;Dec 2015;2015-12;Dec;12;Wed;3
31/12/2015;2015;2015-Q4;Dec 2015;2015-12;Dec;12;Thu;4
01/04/2015;2015;2015-Q2;Apr 2015;2015-04;Apr;4;Wed;3
02/04/2015;2015;2015-Q2;Apr 2015;2015-04;Apr;4;Thu;4
03/04/2015;2015;2015-Q2;Apr 2015;2015-04;Apr;4;Fri;5
04/04/2015;2015;2015-Q2;Apr 2015;2015-04;Apr;4;Sat;6
05/04/2015;2015;2015-Q2;Apr 2015;2015-04;Apr;4;Sun;7
06/04/2015;2015;2015-Q2;Apr 2015;2015-04;Apr;4;Mon;1
07/04/2015;2015;2015-Q2;Apr 2015;2015-04;Apr;4;Tue;2
08/04/2015;2015;2015-Q2;Apr 2015;2015-04;Apr;4;Wed;3
09/04/2015;2015;2015-Q2;Apr 2015;2015-04;Apr;4;Thu;4
10/04/2015;2015;2015-Q2;Apr 2015;2015-04;Apr;4;Fri;5
11/04/2015;2015;2015-Q2;Apr 2015;2015-04;Apr;4;Sat;6
12/04/2015;2015;2015-Q2;Apr 2015;2015-04;Apr;4;Sun;7
13/04/2015;2015;2015-Q2;Apr 2015;2015-04;Apr;4;Mon;1
14/04/2015;2015;2015-Q2;Apr 2015;2015-04;Apr;4;Tue;2
15/04/2015;2015;2015-Q2;Apr 2015;2015-04;Apr;4;Wed;3
16/04/2015;2015;2015-Q2;Apr 2015;2015-04;Apr;4;Thu;4
17/04/2015;2015;2015-Q2;Apr 2015;2015-04;Apr;4;Fri;5
18/04/2015;2015;2015-Q2;Apr 2015;2015-04;Apr;4;Sat;6
19/04/2015;2015;2015-Q2;Apr 2015;2015-04;Apr;4;Sun;7
20/04/2015;2015;2015-Q2;Apr 2015;2015-04;Apr;4;Mon;1
21/04/2015;2015;2015-Q2;Apr 2015;2015-04;Apr;4;Tue;2
22/04/2015;2015;2015-Q2;Apr 2015;2015-04;Apr;4;Wed;3
23/04/2015;2015;2015-Q2;Apr 2015;2015-04;Apr;4;Thu;4
24/04/2015;2015;2015-Q2;Apr 2015;2015-04;Apr;4;Fri;5
25/04/2015;2015;2015-Q2;Apr 2015;2015-04;Apr;4;Sat;6
26/04/2015;2015;2015-Q2;Apr 2015;2015-04;Apr;4;Sun;7
27/04/2015;2015;2015-Q2;Apr 2015;2015-04;Apr;4;Mon;1
28/04/2015;2015;2015-Q2;Apr 2015;2015-04;Apr;4;Tue;2
29/04/2015;2015;2015-Q2;Apr 2015;2015-04;Apr;4;Wed;3
30/04/2015;2015;2015-Q2;Apr 2015;2015-04;Apr;4;Thu;4
01/05/2015;2015;2015-Q2;May 2015;2015-05;May;5;Fri;5
02/05/2015;2015;2015-Q2;May 2015;2015-05;May;5;Sat;6
03/05/2015;2015;2015-Q2;May 2015;2015-05;May;5;Sun;7
04/05/2015;2015;2015-Q2;May 2015;2015-05;May;5;Mon;1
05/05/2015;2015;2015-Q2;May 2015;2015-05;May;5;Tue;2
06/05/2015;2015;2015-Q2;May 2015;2015-05;May;5;Wed;3
07/05/2015;2015;2015-Q2;May 2015;2015-05;May;5;Thu;4
08/05/2015;2015;2015-Q2;May 2015;2015-05;May;5;Fri;5
09/05/2015;2015;2015-Q2;May 2015;2015-05;May;5;Sat;6
10/05/2015;2015;2015-Q2;May 2015;2015-05;May;5;Sun;7
11/05/2015;2015;2015-Q2;May 2015;2015-05;May;5;Mon;1
12/05/2015;2015;2015-Q2;May 2015;2015-05;May;5;Tue;2
13/05/2015;2015;2015-Q2;May 2015;2015-05;May;5;Wed;3
14/05/2015;2015;2015-Q2;May 2015;2015-05;May;5;Thu;4
15/05/2015;2015;2015-Q2;May 2015;2015-05;May;5;Fri;5
16/05/2015;2015;2015-Q2;May 2015;2015-05;May;5;Sat;6
17/05/2015;2015;2015-Q2;May 2015;2015-05;May;5;Sun;7
18/05/2015;2015;2015-Q2;May 2015;2015-05;May;5;Mon;1
19/05/2015;2015;2015-Q2;May 2015;2015-05;May;5;Tue;2
20/05/2015;2015;2015-Q2;May 2015;2015-05;May;5;Wed;3
21/05/2015;2015;2015-Q2;May 2015;2015-05;May;5;Thu;4
22/05/2015;2015;2015-Q2;May 2015;2015-05;May;5;Fri;5
23/05/2015;2015;2015-Q2;May 2015;2015-05;May;5;Sat;6
24/05/2015;2015;2015-Q2;May 2015;2015-05;May;5;Sun;7
25/05/2015;2015;2015-Q2;May 2015;2015-05;May;5;Mon;1
26/05/2015;2015;2015-Q2;May 2015;2015-05;May;5;Tue;2
27/05/2015;2015;2015-Q2;May 2015;2015-05;May;5;Wed;3
28/05/2015;2015;2015-Q2;May 2015;2015-05;May;5;Thu;4
29/05/2015;2015;2015-Q2;May 2015;2015-05;May;5;Fri;5
30/05/2015;2015;2015-Q2;May 2015;2015-05;May;5;Sat;6
31/05/2015;2015;2015-Q2;May 2015;2015-05;May;5;Sun;7
01/06/2015;2015;2015-Q2;Jun 2015;2015-06;Jun;6;Mon;1
02/06/2015;2015;2015-Q2;Jun 2015;2015-06;Jun;6;Tue;2
03/06/2015;2015;2015-Q2;Jun 2015;2015-06;Jun;6;Wed;3
04/06/2015;2015;2015-Q2;Jun 2015;2015-06;Jun;6;Thu;4
05/06/2015;2015;2015-Q2;Jun 2015;2015-06;Jun;6;Fri;5
06/06/2015;2015;2015-Q2;Jun 2015;2015-06;Jun;6;Sat;6
07/06/2015;2015;2015-Q2;Jun 2015;2015-06;Jun;6;Sun;7
08/06/2015;2015;2015-Q2;Jun 2015;2015-06;Jun;6;Mon;1
09/06/2015;2015;2015-Q2;Jun 2015;2015-06;Jun;6;Tue;2
10/06/2015;2015;2015-Q2;Jun 2015;2015-06;Jun;6;Wed;3
11/06/2015;2015;2015-Q2;Jun 2015;2015-06;Jun;6;Thu;4
12/06/2015;2015;2015-Q2;Jun 2015;2015-06;Jun;6;Fri;5
13/06/2015;2015;2015-Q2;Jun 2015;2015-06;Jun;6;Sat;6
14/06/2015;2015;2015-Q2;Jun 2015;2015-06;Jun;6;Sun;7
15/06/2015;2015;2015-Q2;Jun 2015;2015-06;Jun;6;Mon;1
16/06/2015;2015;2015-Q2;Jun 2015;2015-06;Jun;6;Tue;2
17/06/2015;2015;2015-Q2;Jun 2015;2015-06;Jun;6;Wed;3
18/06/2015;2015;2015-Q2;Jun 2015;2015-06;Jun;6;Thu;4
19/06/2015;2015;2015-Q2;Jun 2015;2015-06;Jun;6;Fri;5
20/06/2015;2015;2015-Q2;Jun 2015;2015-06;Jun;6;Sat;6
21/06/2015;2015;2015-Q2;Jun 2015;2015-06;Jun;6;Sun;7
22/06/2015;2015;2015-Q2;Jun 2015;2015-06;Jun;6;Mon;1
23/06/2015;2015;2015-Q2;Jun 2015;2015-06;Jun;6;Tue;2
24/06/2015;2015;2015-Q2;Jun 2015;2015-06;Jun;6;Wed;3
25/06/2015;2015;2015-Q2;Jun 2015;2015-06;Jun;6;Thu;4
26/06/2015;2015;2015-Q2;Jun 2015;2015-06;Jun;6;Fri;5
27/06/2015;2015;2015-Q2;Jun 2015;2015-06;Jun;6;Sat;6
28/06/2015;2015;2015-Q2;Jun 2015;2015-06;Jun;6;Sun;7
29/06/2015;2015;2015-Q2;Jun 2015;2015-06;Jun;6;Mon;1
30/06/2015;2015;2015-Q2;Jun 2015;2015-06;Jun;6;Tue;2
01/07/2015;2015;2015-Q3;Jul 2015;2015-07;Jul;7;Wed;3
02/07/2015;2015;2015-Q3;Jul 2015;2015-07;Jul;7;Thu;4
03/07/2015;2015;2015-Q3;Jul 2015;2015-07;Jul;7;Fri;5
04/07/2015;2015;2015-Q3;Jul 2015;2015-07;Jul;7;Sat;6
05/07/2015;2015;2015-Q3;Jul 2015;2015-07;Jul;7;Sun;7
06/07/2015;2015;2015-Q3;Jul 2015;2015-07;Jul;7;Mon;1
07/07/2015;2015;2015-Q3;Jul 2015;2015-07;Jul;7;Tue;2
08/07/2015;2015;2015-Q3;Jul 2015;2015-07;Jul;7;Wed;3
09/07/2015;2015;2015-Q3;Jul 2015;2015-07;Jul;7;Thu;4
10/07/2015;2015;2015-Q3;Jul 2015;2015-07;Jul;7;Fri;5
11/07/2015;2015;2015-Q3;Jul 2015;2015-07;Jul;7;Sat;6
12/07/2015;2015;2015-Q3;Jul 2015;2015-07;Jul;7;Sun;7
13/07/2015;2015;2015-Q3;Jul 2015;2015-07;Jul;7;Mon;1
14/07/2015;2015;2015-Q3;Jul 2015;2015-07;Jul;7;Tue;2
15/07/2015;2015;2015-Q3;Jul 2015;2015-07;Jul;7;Wed;3
16/07/2015;2015;2015-Q3;Jul 2015;2015-07;Jul;7;Thu;4
17/07/2015;2015;2015-Q3;Jul 2015;2015-07;Jul;7;Fri;5
18/07/2015;2015;2015-Q3;Jul 2015;2015-07;Jul;7;Sat;6
19/07/2015;2015;2015-Q3;Jul 2015;2015-07;Jul;7;Sun;7
20/07/2015;2015;2015-Q3;Jul 2015;2015-07;Jul;7;Mon;1
21/07/2015;2015;2015-Q3;Jul 2015;2015-07;Jul;7;Tue;2
22/07/2015;2015;2015-Q3;Jul 2015;2015-07;Jul;7;Wed;3
23/07/2015;2015;2015-Q3;Jul 2015;2015-07;Jul;7;Thu;4
24/07/2015;2015;2015-Q3;Jul 2015;2015-07;Jul;7;Fri;5
25/07/2015;2015;2015-Q3;Jul 2015;2015-07;Jul;7;Sat;6
26/07/2015;2015;2015-Q3;Jul 2015;2015-07;Jul;7;Sun;7
27/07/2015;2015;2015-Q3;Jul 2015;2015-07;Jul;7;Mon;1
28/07/2015;2015;2015-Q3;Jul 2015;2015-07;Jul;7;Tue;2
29/07/2015;2015;2015-Q3;Jul 2015;2015-07;Jul;7;Wed;3
30/07/2015;2015;2015-Q3;Jul 2015;2015-07;Jul;7;Thu;4
31/07/2015;2015;2015-Q3;Jul 2015;2015-07;Jul;7;Fri;5
01/08/2015;2015;2015-Q3;Aug 2015;2015-08;Aug;8;Sat;6
02/08/2015;2015;2015-Q3;Aug 2015;2015-08;Aug;8;Sun;7
03/08/2015;2015;2015-Q3;Aug 2015;2015-08;Aug;8;Mon;1
04/08/2015;2015;2015-Q3;Aug 2015;2015-08;Aug;8;Tue;2
05/08/2015;2015;2015-Q3;Aug 2015;2015-08;Aug;8;Wed;3
06/08/2015;2015;2015-Q3;Aug 2015;2015-08;Aug;8;Thu;4
07/08/2015;2015;2015-Q3;Aug 2015;2015-08;Aug;8;Fri;5
08/08/2015;2015;2015-Q3;Aug 2015;2015-08;Aug;8;Sat;6
09/08/2015;2015;2015-Q3;Aug 2015;2015-08;Aug;8;Sun;7
10/08/2015;2015;2015-Q3;Aug 2015;2015-08;Aug;8;Mon;1
11/08/2015;2015;2015-Q3;Aug 2015;2015-08;Aug;8;Tue;2
12/08/2015;2015;2015-Q3;Aug 2015;2015-08;Aug;8;Wed;3
13/08/2015;2015;2015-Q3;Aug 2015;2015-08;Aug;8;Thu;4
14/08/2015;2015;2015-Q3;Aug 2015;2015-08;Aug;8;Fri;5
15/08/2015;2015;2015-Q3;Aug 2015;2015-08;Aug;8;Sat;6
16/08/2015;2015;2015-Q3;Aug 2015;2015-08;Aug;8;Sun;7
17/08/2015;2015;2015-Q3;Aug 2015;2015-08;Aug;8;Mon;1
18/08/2015;2015;2015-Q3;Aug 2015;2015-08;Aug;8;Tue;2
19/08/2015;2015;2015-Q3;Aug 2015;2015-08;Aug;8;Wed;3
20/08/2015;2015;2015-Q3;Aug 2015;2015-08;Aug;8;Thu;4
21/08/2015;2015;2015-Q3;Aug 2015;2015-08;Aug;8;Fri;5
22/08/2015;2015;2015-Q3;Aug 2015;2015-08;Aug;8;Sat;6
23/08/2015;2015;2015-Q3;Aug 2015;2015-08;Aug;8;Sun;7
24/08/2015;2015;2015-Q3;Aug 2015;2015-08;Aug;8;Mon;1
25/08/2015;2015;2015-Q3;Aug 2015;2015-08;Aug;8;Tue;2
26/08/2015;2015;2015-Q3;Aug 2015;2015-08;Aug;8;Wed;3
27/08/2015;2015;2015-Q3;Aug 2015;2015-08;Aug;8;Thu;4
28/08/2015;2015;2015-Q3;Aug 2015;2015-08;Aug;8;Fri;5
29/08/2015;2015;2015-Q3;Aug 2015;2015-08;Aug;8;Sat;6
30/08/2015;2015;2015-Q3;Aug 2015;2015-08;Aug;8;Sun;7
31/08/2015;2015;2015-Q3;Aug 2015;2015-08;Aug;8;Mon;1
01/09/2015;2015;2015-Q3;Sep 2015;2015-09;Sep;9;Tue;2
02/09/2015;2015;2015-Q3;Sep 2015;2015-09;Sep;9;Wed;3
03/09/2015;2015;2015-Q3;Sep 2015;2015-09;Sep;9;Thu;4
04/09/2015;2015;2015-Q3;Sep 2015;2015-09;Sep;9;Fri;5
05/09/2015;2015;2015-Q3;Sep 2015;2015-09;Sep;9;Sat;6
06/09/2015;2015;2015-Q3;Sep 2015;2015-09;Sep;9;Sun;7
07/09/2015;2015;2015-Q3;Sep 2015;2015-09;Sep;9;Mon;1
08/09/2015;2015;2015-Q3;Sep 2015;2015-09;Sep;9;Tue;2
09/09/2015;2015;2015-Q3;Sep 2015;2015-09;Sep;9;Wed;3
10/09/2015;2015;2015-Q3;Sep 2015;2015-09;Sep;9;Thu;4
11/09/2015;2015;2015-Q3;Sep 2015;2015-09;Sep;9;Fri;5
12/09/2015;2015;2015-Q3;Sep 2015;2015-09;Sep;9;Sat;6
13/09/2015;2015;2015-Q3;Sep 2015;2015-09;Sep;9;Sun;7
14/09/2015;2015;2015-Q3;Sep 2015;2015-09;Sep;9;Mon;1
15/09/2015;2015;2015-Q3;Sep 2015;2015-09;Sep;9;Tue;2
16/09/2015;2015;2015-Q3;Sep 2015;2015-09;Sep;9;Wed;3
17/09/2015;2015;2015-Q3;Sep 2015;2015-09;Sep;9;Thu;4
18/09/2015;2015;2015-Q3;Sep 2015;2015-09;Sep;9;Fri;5
19/09/2015;2015;2015-Q3;Sep 2015;2015-09;Sep;9;Sat;6
20/09/2015;2015;2015-Q3;Sep 2015;2015-09;Sep;9;Sun;7
21/09/2015;2015;2015-Q3;Sep 2015;2015-09;Sep;9;Mon;1
22/09/2015;2015;2015-Q3;Sep 2015;2015-09;Sep;9;Tue;2
23/09/2015;2015;2015-Q3;Sep 2015;2015-09;Sep;9;Wed;3
24/09/2015;2015;2015-Q3;Sep 2015;2015-09;Sep;9;Thu;4
25/09/2015;2015;2015-Q3;Sep 2015;2015-09;Sep;9;Fri;5
26/09/2015;2015;2015-Q3;Sep 2015;2015-09;Sep;9;Sat;6
27/09/2015;2015;2015-Q3;Sep 2015;2015-09;Sep;9;Sun;7
28/09/2015;2015;2015-Q3;Sep 2015;2015-09;Sep;9;Mon;1
29/09/2015;2015;2015-Q3;Sep 2015;2015-09;Sep;9;Tue;2
30/09/2015;2015;2015-Q3;Sep 2015;2015-09;Sep;9;Wed;3
